keyword,volume,kd,intent
"australian money",3600,44,Informational
"50 australian banknote",1900,27,Informational
"50 dollar note australia",1600,32,Informational
"australian 100 dollar note",1600,34,Informational, Commercial
"100 dollar note australia",1600,18,Informational
"australian notes",1600,44,Informational
"5 dollar note",1600,15,Informational, Commercial
"fake money",1600,35,Commercial
"confit money",1600,50,Informational
"money forgery",1600,46,Informational
"australian five dollar note",1300,17,Informational, Commercial
"australian bank notes",1300,26,Informational
"paper money australia",1300,37,Navigational
"100 note australia",1300,17,Informational
"new 100 bill",1300,30,Informational
"money fake money",1300,28,commercial
"imitation money",1300,25,informational, transactional
"fake fake money",1300,36,informational
"$100 note",1300,27,Informational, Commercial
"australian banknotes",1000,28,Informational
"australian $1 note",1000,19,Informational, Commercial
"australian 1 dollar note",1000,14,Informational
"australian two dollar bill",1000,24,Informational, Commercial
"money gun",1000,29,Commercial
"50 dollar note",1000,24,Informational, Commercial
"aus 100 dollar note",880,27,Informational
"1 australian note",880,21,Informational
"50 dollar bill australia",880,22,Informational
"australian currency notes",880,30,Informational
"10 dollar australian note",880,12,Commercial
"australian 100 dollar banknote",880,20,Informational, Commercial
"australian 2 dollar note",880,19,Informational
"$100 bill",880,65,Informational
"100 dollar note",880,39,Informational, Commercial
"how to spot a fake $100 dollar note australia",880,30,Informational
"note checker",880,38,Navigational
"australian prop money",720,28,Commercial
"australian $100 note",720,33,Informational
"australian 50 note",720,25,Informational
"australian $10 note",720,14,Informational, Commercial
"australian dollar note worth",720,18,Informational, Commercial
"australian $2 note",720,18,Informational, Commercial
"50 note australia",720,20,Informational, Commercial
"australia currency sign",720,43,Informational
"australian currency sign",720,50,Informational
"fake australian money",720,29,Informational
"banknote serial checker",720,32,Navigational
"australian 100 dollar bill",590,20,Informational
"money of australia",590,53,Informational
"1 dollar note australia",590,28,Informational
"20 australian note",590,18,Informational
"australian $1 note value",590,25,Informational
"australian one dollar note value",590,20,Commercial
"australian two dollar note",590,17,Informational, Commercial
"currency of australia",590,39,Informational
"australia notes",590,33,Informational
"old australian notes",590,14,Informational, Commercial
"symbol for australian currency",590,37,Informational
"symbol for australian dollars",590,32,Informational
"fake for money",590,27,informational
"$50 note",590,24,Informational, Commercial
"100 aud note",590,39,Informational
"50 aud note",590,26,Informational
"prop money australia",480,30,Commercial
"five dollar note australia",480,24,Informational, Commercial
"$100 australian note",480,18,Informational
"australian 100 note",480,20,Informational
"aus 100 note",480,24,Informational
"australian dollar banknotes",480,29,Informational
"australian dollar notes",480,28,Informational
"australia 100 dollar note",480,19,Informational
"australian one dollar note worth",480,19,Informational, Commercial
"commonwealth of australia $1 note",480,26,Informational, Commercial
"100 australian dollar note",480,17,Informational, Commercial
"one dollar note australia",480,19,Informational
"aussie dollar sign",480,40,Informational
"aud banknotes",480,34,Informational, Transactional
"new 100 dollar",480,30,Informational
"prop money",480,23,commercial
"prop buy",480,6,transactional
"100 dollar australian note",480,22,Informational, Transactional
"australian $50 note",480,24,Informational
"australian 50 dollar bill",480,24,Informational, Commercial
"bank note checker",480,33,Informational
"au prop money",390,26,commercial
"$50 note australia",390,23,Informational
"australian 5 dollar note old",390,21,Informational, Commercial
"australian 20 dollar bill",390,27,Informational
"$10 note australia",390,27,Informational
"50 australian note",390,27,Informational
"50 dollar australian note",390,30,Informational
"aus $100 note",390,20,Informational
"australian 1 dollar bill",390,27,Informational, Commercial
"old australian 5 dollar note",390,19,Informational, Commercial
"australian money notes",390,33,Informational
"old australian paper money",390,18,Informational, Commercial
"$1 note australia value",390,18,Informational, Commercial
"$100 note australia",390,24,Informational, Transactional
"10 dollar notes australia",390,23,Informational, Commercial
"old australian banknotes",390,28,Informational, Commercial
"australian currency symbol",390,38,Informational
"banknotes of australian dollar",390,28,Informational
"fake fifty dollar bill",390,28,Informational, Commercial
"$1 note",390,22,Informational, Commercial
"fake money australia",390,32,Informational
"100 bill",390,44,Informational
"100 note",390,31,Informational
"50 aud",390,32,Informational
"american 50 dollar bill fake",390,33,Informational
"aus $50 note",390,26,Informational, Commercial
"fake $50 bill",390,28,Informational
"old five dollar note australia",320,16,Informational, Commercial
"100 dollar bill australia",320,32,Informational
"aussie 100 dollar bill",320,17,Informational, Commercial
"australian currency notes and coins",320,17,Informational
"australian one hundred dollar bill",320,28,Informational
"hundred dollar note australia",320,28,Informational
"old australian money notes",320,25,Informational, Commercial
"$100 bill australia",320,18,Informational
"aus 5 dollar note",320,19,Informational
"australia 5 dollar note",320,32,Informational
"money australian",320,51,Informational
"100 australian note",320,21,Informational
"aboriginal 10 dollar note",320,29,Informational, Commercial
"100 dollar note in australia",320,25,Informational
"australia banknotes",320,18,Informational
"australian 100 notes",320,36,Informational
"hundred dollar bill australia",320,17,Informational
"ten dollar note aboriginal",320,29,Informational, Commercial
"$1 australian note",320,22,Informational, Commercial
"$1 note australia",320,20,Informational, Commercial
"2 dollar note australia",320,21,Informational, Commercial
"aus 1 dollar note",320,17,Informational
"australia $1 note",320,19,Informational
"australian 1 dollar note value",320,31,Commercial
"australian two dollar note value",320,19,Commercial
"fifty australian dollar note",320,28,Informational
"one dollar australian note",320,21,Informational
"$2 australian note",320,12,Informational, Transactional
"aud 50 note",320,28,Informational
"aussie dollar symbol",320,39,Informational
"australian bills",320,43,Informational
"5 dollar notes",320,17,Informational
"100 new dollar",320,31,Informational
"dollar bill new",320,61,Informational
"dollar banknotes",320,54,Informational
"new 100 dollar note",320,30,Informational
"100 banknote",320,32,Informational, Commercial
"dollar bill notes",320,75,Informational
"new $1 bill",320,41,Informational
"australian play money",320,11,Commercial
"$100 australia note",320,33,Informational
"$50 australian note",320,32,Informational, Commercial
"100 dollar bills",320,47,Informational
"100$ bill aus",320,28,Informational
"banknote 100",320,33,Informational, Commercial
"check bank notes",320,29,Informational
"counter fit money",320,42,Informational
"dollar bills",320,58,Informational
"fake 50 dollar note",320,24,Informational
"hundred dollar note",320,19,Informational, Commercial
"rare australian notes serial numbers",320,17,Informational
"real australian dollar",320,39,Informational
"$5 note australia",260,33,Informational
"australian hundred dollar bill",260,27,Informational
"new australian 5 dollar",260,41,Informational, Commercial
"$50 note aus",260,29,Informational
"100 dollar bill aus",260,20,Informational
"aus 50 note",260,23,Informational
"old australian 100 dollar note",260,27,Informational, Commercial
"100 aud bill",260,18,Informational
"aussie dollar notes",260,39,Informational
"aus dollar note",260,28,Informational
"aus dollar notes",260,32,Informational
"$100 note aus",260,19,Informational, Commercial
"1 dollar bill australia",260,22,Informational
"100 bill australia",260,28,Informational
"aus $20 note",260,24,Informational
"aus $5 note",260,32,Informational
"australian currency 5 dollar notes",260,22,Informational
"commonwealth of australia $10 note",260,17,Commercial
"money note",260,55,Informational
"what is the australia currency",260,41,Informational
"$2 note australia value",260,12,Informational, Commercial
"aussie notes",260,40,Informational
"two dollar note australia",260,15,Informational, Commercial
"au dollar sign",260,44,Informational
"australian banknote serial number checker",260,28,Informational
"money notes",260,54,Informational
"50 banknote",260,44,Informational
"aud currency notes",260,39,Informational
"bank notes",260,45,Informational
"banknote",260,35,Informational
"banknotes",260,17,Informational
"aud notes",260,50,Informational
"dollar currency notes",260,68,Informational
"who is on the 100 dollar note",260,28,Informational
"who is on the $100",260,24,Informational
"who is on the $100 dollar bill",260,54,Informational
"who is on the 100 dollar bill",260,27,Informational
"printable money",260,21,Informational
"50 dollar",260,32,Informational
"50 note",260,28,Informational
"50.00 note",260,41,Informational
"bank note serial checker",260,33,Navigational
"fake $50",260,28,Informational
"fake 100 dollar note",260,26,Informational
"fake 50 dollar bill",260,31,Informational
"5 dollar australian note",210,23,Informational, Commercial
"australia money image",210,27,Informational
"australian $1 bill",210,28,Informational
"australian 5 dollar banknote",210,29,Informational, Commercial
"australian notes money",210,41,Informational, Transactional
"australian ten dollar note aboriginal",210,24,Informational, Commercial
"old $5 note australia",210,17,Informational
"10$ note australia",210,17,Informational
"5 dollar note australian",210,22,Commercial
"australia money picture",210,29,Informational
"australian 10 dollar note aboriginal",210,12,Informational, Commercial
"australian 10 dollar note with aboriginal",210,23,Informational, Commercial
"one dollar bill australia",210,22,Informational
"pictures of australian money",210,28,Informational
"australia currency notes",210,29,Informational
"australian note",210,49,Informational, Transactional
"banknotes australia",210,22,Navigational
"notes australian money",210,24,Informational
"old 10 dollar australian note",210,21,Informational
"old 100 australian note",210,13,Informational, Commercial
"what is the money of australia",210,37,Informational
"$20 note australian",210,20,Informational
"1 dollar note australia worth",210,18,Informational, Commercial
"australia 100 note",210,21,Informational
"old australian $5 notes",210,24,Commercial
"what is the currency for australia",210,39,Informational
"$2 note australia",210,11,Informational, Commercial
"$20 aus note",210,18,Informational
"1 dollar note australia value",210,18,Informational
"australian $1 dollar note value chart",210,15,Informational
"australian currency bills",210,49,Informational, Transactional
"old 10 dollar note australia",210,19,Informational, Commercial
"old 100 dollar note australia",210,17,Informational
"value of old australian currency notes",210,13,Commercial
"who is on australian 100 dollar note",210,17,Informational
"aus notes",210,22,Navigational
"aussie banknotes",210,23,Informational
"australian currency note",210,37,Informational
"australian dollar bills",210,36,Informational
"who is on australian 10 dollar note",210,23,Informational
"money in notes",210,28,Informational
"$100 notes",210,21,Informational
"monetary notes",210,54,Informational
"who is on 100 dollar note",210,39,Informational
"money ink",210,12,informational
"50 dollar bill",210,32,Informational
"50 note australian",210,24,Informational
"australian note checker",210,35,Navigational
"fake $50 notes queensland",210,23,Informational
"real australian money in hand",210,27,Informational
"realistic fake money australia",170,32,Informational
"$20 australian note",170,25,Informational, Commercial
"$5 note australian",170,45,Informational
"5 dollar notes australia",170,22,Informational, Commercial
"who is on the australian $10 note",170,24,Informational
"australian money pics",170,27,Informational
"australian money pictures",170,30,Informational
"who is on the australian ten dollar note",170,22,Informational
"australian notes currency",170,32,Informational
"collectable australian $100 notes",170,13,Commercial
"current australian currency notes",170,33,Informational, Transactional
"old australian currency",170,26,Informational
"photos of australian money",170,22,Informational
"what is australian money",170,35,Informational
"australian one dollar note",170,12,Informational, Commercial
"australian paper money",170,22,Informational
"new australian banknotes",170,55,Informational
"australian dollar symbols $",170,49,Informational
"australian paper currency",170,23,Informational
"note checker australia",170,32,Navigational
"old $20 note australia",170,9,Informational, Commercial
"old australian $5 note",170,17,Informational
"old australian five dollar note",170,16,Informational, Commercial
"value of australian 2 dollar note",170,15,Commercial
"value of old australian notes",170,16,Informational, Commercial
"who is on the australian $100 note",170,16,Informational
"who is on the australian 100 dollar note",170,17,Informational
"new australian notes",170,39,Informational
"who is on the 100 dollar bill australia",170,17,Informational
"who is on the australian 10 dollar note",170,22,Informational
"new dollars",170,53,Informational
"new dollar",170,39,Informational
"who is on the hundred dollar note",170,36,Informational
"$2 dollar note",170,22,Commercial
"australian notes printable",170,17,Informational
"realistic money",170,33,commercial
"notes for money",170,34,informational
"100 dollar notes",170,17,Informational, Commercial
"1000 currency note",170,28,Informational
"1000 note",170,34,Informational
"50 australian dollar note",170,28,Informational
"50 usd bill",170,40,Informational
"5o dollar bill",170,42,Informational
"australian bank note value checker",170,19,Navigational
"australian banknote checker",170,34,Navigational
"counterfiet",170,49,Informational
"dollar bill 50",170,44,Informational
"fake $50 note",170,18,Informational
"fake bank note",170,33,Informational
"fake money how to tell",170,54,Informational
"fifty bill",170,37,Informational
"fifty dollar bill",170,39,Informational
"how can you tell fake money",170,51,Informational
"how to detect fake dollars",170,67,Informational
"how to detect fake money",170,56,Informational
"how to determine fake money",170,66,Informational
"how to distinguish fake money",170,65,Informational
"how to identify fake dollar",170,28,Informational
"how to identify fake money",170,28,Informational
"how to recognize fake money",170,68,Informational
"how to spot a fake bill",170,65,Informational
"how to spot fake currency",170,65,Informational
"how to spot fake dollars",170,65,Informational
"how to tell fake money",170,38,Informational
"how to test fake money",170,43,Informational
"serial note checker",170,35,Navigational
"prop australian money",140,23,Informational, Commercial
"fake australian money prop",140,25,Commercial
"australian $500 note",140,33,Informational
"old australian money",140,25,Informational
"old paper money australia",140,16,Informational, Commercial
"rare $50 dollar note australia",140,24,Informational, Commercial
"who is on the australian 50 dollar note",140,27,Informational
"$100 notes australia",140,19,Informational
"100 dollar note aus",140,19,Informational, Commercial
"who is on australian 50 dollar note",140,25,Informational
"who is on the $50 dollar note australia",140,23,Informational
"au 100 dollar note",140,18,Informational
"new $5 australian note",140,28,Informational
"paper money in australia",140,22,Informational
"who is on the australian 50 dollar bill",140,25,Informational
"aus banknotes",140,25,Navigational
"australia $100 note",140,21,Informational
"australian 20 note",140,18,Informational
"australian 500 dollar note",140,27,Informational
"australian new notes",140,45,Informational
"old australian paper money value",140,16,Commercial
"1000 dollar bill australia",140,27,Informational
"australia $500 note",140,28,Informational
"australia note",140,17,Informational
"australia paper money",140,32,Informational
"australian $2 note worth",140,9,Commercial
"australian 2 dollar bill",140,21,Commercial
"australian bank note",140,20,Informational
"australian banknote",140,23,Informational
"australian dollar bill",140,38,Informational
"australian one dollar banknotes",140,24,Informational
"current australian banknotes",140,33,Informational
"new $100 note australia",140,19,Informational
"new australian currency notes",140,52,Informational
"old 50 dollar note australia",140,22,Informational, Commercial
"one hundred dollar note australia",140,18,Informational, Commercial
"paper banknotes australia",140,18,Informational, Commercial
"what is australian money made of",140,31,Informational
"who is on the australian $50 note",140,22,Informational
"2 dollar note australia value",140,18,Informational, Commercial
"australia $2 note value",140,15,Commercial
"australia new currency notes",140,49,Informational
"old australian notes worth",140,18,Informational
"500 dollar australian note",140,23,Informational
"old australian bank notes",140,20,Informational, Commercial
"who is on the 100 dollar note australia",140,15,Informational
"dollar note",140,39,Informational, Commercial
"aud bills",140,41,Informational
"who is on the $100 dollar note australia",140,23,Informational
"old 5 dollar note",140,13,Informational
"au notes",140,41,Informational
"banknote 1 dollar",140,16,Informational, Commercial
"who is on 50 dollar note",140,25,Informational
"note of 50",140,34,Informational
"bank note",140,52,Informational
"australian money games",140,28,Informational, Commercial
"printable australian money",140,13,Informational
"australian money printable",140,13,Informational
"australian money worksheets",140,11,Informational
"money worksheets",140,17,Informational
"fake aus money",140,27,Informational
"fake australian dollars",140,23,Informational
"50 fake note",140,24,Informational
"50aud",140,36,Informational
"australia 50$ note",140,22,Informational
"australian legal tender",140,18,Informational
"fake aud",140,24,Informational
"how to check fake money",140,37,Informational
"rare australian $100 notes serial numbers",140,17,Informational
"fake note australia",110,31,Informational
"australian $50",110,17,Informational
"australian 1000 dollar note",110,30,Informational
"austrilan money",110,46,Informational
"dollar notes australia",110,35,Informational
"aus $10 note",110,26,Informational
"aus bank notes",110,26,Informational
"australia money notes",110,17,Informational, Navigational
"australian money people",110,18,Informational
"1000 dollar note australia",110,17,Informational
"australian 100 dollar",110,20,Informational, Commercial
"australian old money",110,27,Informational
"old $100 note australia",110,12,Informational
"old australian 50 dollar note",110,22,Informational
"who is on the 50 dollar note australia",110,26,Informational
"images of australian money",110,30,Informational
"old australian 10 dollar note",110,17,Informational, Commercial
"$50 notes australia",110,29,Informational, Transactional
"aussie 100 dollar note",110,24,Informational, Commercial
"australian dollar note",110,33,Informational, Transactional
"australian notes new",110,48,Informational
"people on australian money",110,18,Informational
"$20 note aus",110,18,Informational
"10 dollar note aboriginal",110,23,Informational, Transactional
"100 notes australia",110,17,Informational
"500 dollar note australia",110,27,Informational
"australia 1 dollar note value",110,16,Informational, Commercial
"australian dollar photo",110,27,Informational
"australian dollar pics",110,27,Informational
"australian dollar picture",110,30,Informational
"australian one hundred dollar note",110,19,Informational
"australian two-dollar note",110,19,Commercial
"value of australian $1 note",110,13,Informational, Commercial
"who is on australian 5 dollar note",110,23,Informational
"who is on the 5 dollar note australia",110,35,Informational
"who is on the australian $5 note",110,23,Informational
"who is on the australian 5 dollar note",110,22,Informational
"1 dollar australian note",110,12,Informational
"new australian $5 note",110,31,Informational
"old $10 note australia",110,16,Informational, Commercial
"old australian banknotes worth",110,6,Commercial
"old australian money notes value",110,11,Informational, Commercial
"pic of australian dollar",110,27,Informational
"picture australian dollar",110,28,Informational
"value of old australian banknotes",110,25,Informational
"aus 50",110,22,Informational
"money notes australia",110,32,Informational
"new 100 dollar note australia",110,22,Informational
"people on australian currency",110,27,Informational
"200 dollar note australia",110,21,Informational
"$5 notes",110,14,Informational
"people on australian notes",110,21,Informational
"people on the australian notes",110,21,Informational
"australian notes people",110,26,Informational
"who is on the fifty dollar note",110,30,Informational
"$20 notes",110,16,Informational
"50 dollar notes",110,24,Informational
"$100 dollar note",110,18,Informational
"paper note",110,37,Informational, Commercial
"australian play money printable",110,13,Informational
"printable australian play money",110,11,Informational
"australian money worksheet",110,9,Informational
"counting money",110,36,Informational
"money practice worksheets",110,29,Informational
"money activity sheets",110,22,Informational
"money activity worksheets",110,16,Informational
"prop cash",110,30,Informational
"prop dollar",110,26,informational
"australia prop money",110,27,commercial
"prop american money",110,18,commercial
"$100 aud note",110,20,Informational
"$5 dollar note serial number check",110,23,Informational
"$50 note serial number checker",110,29,Navigational
"australia two dollar note serial numbers",110,15,Informational
"australian $100",110,19,Informational
"banknote counter",110,7,Commercial
"fake $100 bill",110,38,Informational
"fake $100 dollar bill",110,36,Informational
"fake $100 note",110,26,Informational
"fake $50 australian note",110,26,Informational
"fake 100 dollar bill",110,35,Informational
"how to know if money is fake",110,35,Informational
"how to tell if money is fake",110,46,Informational
"plastic notes in australia",110,32,Informational
"queensland fake $50 notes",110,19,Informational
"what is australia money made of",110,30,Informational
"fake coins",90,20,Commercial
"fake money detector",90,7,Commercial
"fake print money",90,37,Informational
"aus prop money",90,16,commercial
"$100 australian",90,22,Informational
"100 dollar notes australia",90,37,Informational
"australian hundred dollar note",90,23,Informational
"who is on the australian money",90,22,Informational
"australian 100 bill",90,30,Informational
"fifty dollar note australia",90,13,Informational, Commercial
"old $10 australian note",90,18,Informational, Commercial
"500 dollar bill australia",90,22,Informational
"australian 10 dollar bill",90,17,Informational
"australian 10 dollar note new",90,22,Informational
"australian money paper",90,24,Informational
"new australian money",90,54,Informational
"new australian ten dollar note",90,16,Informational
"aussie cash",90,56,Informational
"cash australian",90,47,Informational
"5 note australia",90,17,Informational
"australia dollar photo",90,27,Informational
"australia one hundred dollar note",90,22,Informational
"australian currency people",90,23,Informational
"australian dollar images",90,29,Informational
"australian paper banknotes",90,12,Informational, Commercial
"new 100 dollar note aus",90,22,Informational
"old $50 note australia",90,24,Informational
"old australian currency notes",90,17,Informational, Commercial
"people on australian money notes",90,23,Informational
"rare $50 dollar notes australia",90,20,Commercial
"who is on australian money",90,25,Informational
"australian 1 dollar note value chart",90,22,Informational
"old 20 dollar note australia",90,17,Informational, Commercial
"who is on the australian 20 dollar note",90,13,Informational
"100 dollar note australia new",90,31,Informational
"aud $100 note",90,21,Informational
"australian old notes",90,21,Informational
"australian paper notes",90,18,Commercial
"people on australian banknotes",90,28,Informational
"who is on australian currency",90,31,Informational
"$100 note aud",90,18,Informational
"aus bill",90,56,Informational
"who is on australian notes",90,28,Informational
"who is on the australian notes",90,28,Informational
"who is on the $20",90,26,Informational
"who is on the 20 dollar note",90,20,Informational
"rare 5 dollar notes",90,17,Commercial
"whos on 100 bill",90,35,Informational
"whos on the 10 dollar note",90,22,Informational
"whos on the $100 bill",90,32,Informational
"whos on the 100 bill",90,38,Informational
"play money australia",90,11,Commercial
"australian money printables play money",90,9,Informational
"printable play money australia",90,12,Informational
"play money printable",90,31,Informational
"prop.cash",90,28,informational
"money lei",90,28,Informational
"1 dollar note australian",90,25,Informational
"50 dollar australia",90,27,Informational
"50 dollars australia",90,38,Informational
"50 note fake",90,30,Informational
"aus note checker",90,34,Navigational
"australian $50 notes",90,28,Informational
"australian 100 dollar note image",90,31,Informational
"australian 50$ note",90,21,Informational, Commercial
"counterfei",90,62,Informational
"fake $50 note australia",90,21,Informational
"fake 100 dollar note aus",90,23,Informational
"fake 50 note",90,39,Informational
"fake au",90,32,Informational
"fake australia",90,37,Informational
"forging money",90,39,Informational
"monetary check",90,42,Informational
"new $50 note australia",90,25,Informational
"new 50 dollar note",90,22,Informational, Transactional
"note serial checker",90,40,Navigational
"note serial number checker",90,42,Navigational
"counterfit money",70,41,Informational
"fake note",70,40,Informational
"prop money au",70,22,Commercial
"100$ note australia",70,28,Informational, Commercial
"australian five-dollar note",70,23,Informational, Commercial
"australian money new",70,40,Informational
"$5 australian note",70,15,Informational, Transactional
"australia $5 note",70,18,Informational
"new australian 50 dollar note",70,24,Informational
"new money australia",70,44,Informational
"new money in australia",70,46,Informational
"australian 5 dollar note new",70,0,
"australian paper money value",70,17,Informational, Commercial
"new aus 50 dollar note",70,16,Informational
"old australian $10 note",70,28,Informational
"paper australian money",70,24,Informational
"australia 100 bill",70,20,Informational
"new aus 5 dollar note",70,0,
"rare 50 dollar note australia",70,16,Informational, Commercial
"who is on the australian currency",70,29,Informational
"$1 australian note value",70,16,Commercial
"$10 notes australia",70,16,Informational
"australia 2 dollar note",70,18,Informational, Commercial
"australian currency notes value",70,17,Informational
"australian notes value",70,17,Informational, Commercial
"collectable banknotes australia",70,6,Navigational
"what is australian currency",70,36,Informational
"1 and 2 dollar notes australia",70,12,Informational, Commercial
"aus $2 note",70,14,Commercial
"australia paper currency",70,24,Informational
"australian old bank notes",70,17,Informational, Commercial
"commonwealth of australia banknotes value",70,16,Informational
"commonwealth of australia notes value",70,16,Informational
"how much is a $1 australian note worth",70,14,Informational
"new australian 50 dollar notes",70,21,Informational
"old australian notes value",70,18,Informational, Commercial
"aud 100 note",70,21,Informational
"australia dollar sign",70,39,Informational
"money bills",70,66,Informational
"paper notes australia",70,22,Informational, Commercial
"100$ note",70,35,Informational, Commercial
"$1 notes",70,17,Informational
"new bank note",70,51,Informational
"100 notes",70,17,Informational
"new banknotes",70,33,Informational
"one dollar note worth",70,18,Informational, Commercial
"who's on the $100",70,21,Informational
"whos on the 100 dollar bill",70,32,Informational
"who's on the hundred dollar bill",70,39,Informational
"play money printable australia",70,12,Informational
"money print",70,27,Informational
"printable australian money pdf",70,10,Informational
"print fake money",70,16,Commercial
"money fake printable",70,17,Informational
"print off play money",70,15,Informational
"play money to print out",70,36,Informational
"playing money printable",70,28,Informational
"printed fake money",70,27,informational
"money gun tiktok",70,27,Informational
"money guns",70,23,Commercial
"australian fake money",50,28,Informational
"counterfiet money",50,41,Informational
"fake $100 australia",50,28,Informational
"fake coin",50,22,Informational
"pokies fake money",50,71,Informational
"props money",50,17,Informational, Commercial
"ausralian money",50,46,Informational
"australian $10",50,19,Informational
"$100 dollar bill australia",50,22,Informational, Commercial
"aud banknote",50,45,Informational
"aus 10 dollar note",50,22,Informational
"australian dollars notes",50,36,Informational
"fake note detector australia",50,15,Informational
"new australia money",50,60,Informational
"notes australia",50,28,Informational
"australian twenty-dollar note",50,14,Informational, Transactional
"2 dollar australian note",50,16,Commercial
"australia 100 dollar bill",50,16,Informational
"$500 note australia",50,29,Informational
"australia $1 note value",50,17,Informational, Commercial
"australia 1 dollar note",50,25,Informational
"australian 5 note",50,19,Informational
"collectable australian notes",50,8,Commercial
"slang term for australian $100 dollar note",50,0,
"value of australian notes",50,0,
"australian dollar symbols",50,39,Informational
"australian dollars symbol",50,32,Informational
"monetary note",50,57,Informational
"one dollar note australia value",50,0,
"paper money notes",50,34,Informational
"rare $50 dollar note serial numbers australia",50,0,
"rare australian $50 notes serial numbers",50,22,Informational, Commercial
"money paper money",50,49,Informational
"old australian bank notes value",50,17,Commercial
"value of australian notes and coins",50,18,Informational
"paper notes money",50,51,Informational
"$10 notes",50,16,Informational
"money banknotes",50,52,Informational
"notes money",50,59,Informational
"paper banknotes",50,0,
"dollar notes",50,49,Informational
"who's on the $100 bill",50,0,
"play money print",50,20,Informational
"fake assets",50,19,informational
"props.cash",50,35,navigational
"au props",50,6,commercial
"money or the gun",50,28,Informational
"create fake money crossword clue",40,16,Informational
"fake australian dollar",40,30,Informational
"fake money print",40,10,Informational, Transactional
"fake money printable",40,20,Informational
"fake money tester pen",40,26,Informational, Commercial
"fake toonies",40,32,Informational
"prop money aud",40,15,Informational, Commercial
"what do i do with fake money",40,25,Informational
"aus money notes",40,25,Informational
"aussie money notes",40,29,Informational
"australian 50 dollar notes",40,26,Informational, Transactional
"australian bills money",40,32,Informational, Transactional
"australian money bills",40,28,Informational
"old australian note",40,23,Informational, Commercial
"1 australian dollar note",40,0,
"$5 notes australia",40,0,
"$2 notes australia",40,0,
"one dollar notes australia",40,0,
"value of australian $1 and $2 dollar notes",40,0,
"1 dollar notes australia value",40,0,
"old $20 dollar note australia value",40,0,
"history of australian currency",40,0,
"billetes en australia",40,0,
"money worksheets australia",40,0,
"tiktok money gun",40,27,Informational
"how to make lolly leis",40,0,
"money prop money",40,18,Commercial
"british prop money",30,25,Commercial
"create fake money",30,48,Informational
"fake american money",30,72,Commercial
"fake cash detector",30,16,Informational, Commercial
"fake money big w",30,19,Informational, Navigational
"fake money circulating tasmania",30,24,Informational
"fake money flex",30,23,Informational
"fake money making",30,52,Informational, Transactional
"fake money note",30,29,Informational
"fake money prop money",30,15,Commercial
"fake money template",30,31,Informational
"fake money to print off",30,55,Informational
"fake money to print out",30,33,Informational
"fake notes australia",30,25,Informational
"fake us dollars",30,61,Informational
"fake usd",30,72,Informational
"false money detector",30,16,Informational, Commercial
"how to tell if money is fake australia",30,23,Informational
"make fake money",30,43,Informational
"making fake money",30,36,Informational
"prop aus money",30,20,Commercial
"prop money uk",30,31,Commercial
"ready prop money",30,29,Commercial
"realistic fake money australia online",30,23,Commercial
"will the bank replace fake money",30,33,Informational
"austrailian money",30,39,Informational
"50 dollars australian",30,33,Informational
"austrailan money",30,42,Informational
"australia banknote",30,25,Informational
"australia coins and notes",30,40,Informational, Commercial
"australia dollar notes",30,42,Informational
"australia dollar notes images",30,24,Informational
"australian banknote value checker",30,15,Commercial
"australian banknotes value",30,16,Informational
"australian currency denominations",30,40,Informational
"australian currency money",30,46,Informational
"australian current currency",30,51,Informational
"australian dollar banknote",30,28,Informational
"australian dollar coins and banknotes",30,24,Informational
"australian dollar notes images",30,27,Informational
"australian dollar notes photos",30,25,Informational
"australian dollar notes pictures",30,24,Informational
"australian money note",30,26,Informational
"australian note counting machine",30,4,Informational, Commercial
"australian notes worth money",30,17,Informational
"bank note checker australia",30,28,Navigational
"banknotes of the australian dollar",30,41,Informational
"blue australian banknote slang crossword clue",30,14,Informational
"commonwealth of australia bank notes",30,21,Informational, Commercial
"money australian notes",30,29,Informational, Transactional
"notes of australia",30,28,Informational
"pictures of australian dollar notes",30,28,Informational
"pre decimal australian notes",30,6,Informational
"when did $1 notes stop in australia",30,39,Informational
"when did paper money stop in australia",30,23,Informational
"100 dollar note australian",30,0,
"5 dollar note aus",30,0,
"who is on the 10 dollar note australia",30,0,
"australia bank notes",30,0,
"bank notes australia",30,0,
"australian 2 dollar note value chart",30,0,
"old australian 1 dollar note",30,0,
"ten dollar australian note",30,0,
"what does australia use as currency",30,0,
"what does australia use for currency",30,0,
"old australian currency value",30,0,
"free printable australian money worksheets",30,7,Informational
"money worksheet australia",30,14,Informational
"play australian money",30,13,Informational
"play money australian",30,10,Commercial
"money worksheets australian",30,0,
"fake money gun machine",30,25,Commercial
"toy money gun",30,21,Informational, Transactional
"cash lei",30,15,Informational
"graduation lei australia",30,26,Commercial
"graduation money lei",30,21,Informational
"graduation money leis for guys",30,25,Informational
"leis with money",30,26,Informational
"how to make a lolly lei",30,0,
"propmoney",30,28,Commercial
"$100 prop money",20,26,Commercial
"1 1 prop money",20,13,Commercial
"1000 fake money",20,26,Informational
"alibaba fake money",20,24,Commercial
"alibaba prop money",20,20,Transactional
"american fake money",20,63,Commercial
"american prop money",20,21,Informational, Transactional
"another word for fake money",20,26,Informational
"artificial money",20,22,Informational
"atm fake money",20,29,Informational, Transactional
"atm gave me fake money",20,28,Informational
"aud prop money",20,12,Commercial
"australia fake money",20,28,Informational
"australian prop money for sale",20,18,Transactional
"australian prop money realistic",20,19,Commercial
"aviamasters fake money",20,27,Informational
"baccarat fake money",20,73,Informational
"bag of fake money",20,25,Commercial
"bank fake money",20,36,Informational
"best fake money",20,10,Commercial
"best fake money reddit",20,25,Navigational
"best place to use fake money",20,0,
"best places to use fake money",20,0,
"best prop money",20,0,
"blank fake money template",20,0,
"bulk fake money",20,0,
"buy fake australian money",20,0,
"buy fake currency online",20,0,
"buy fake dollars",20,0,
"buy fake money australia",20,0,
"buy fake money online",20,0,
"buy fake money stacks",20,0,
"buy fake us money",20,0,
"buy prop money",20,0,
"buy prop money near me",20,0,
"buy stacks of fake money",20,0,
"buying prop money",20,0,
"can you buy fake money",20,0,
"can you buy prop money",20,0,
"can you get in trouble for using fake money",20,0,
"canadian prop money",20,0,
"casino fake money",20,0,
"cheap fake money",20,0,
"cheap prop money",20,0,
"check fake money",20,0,
"check for fake money",20,0,
"checking fake money",20,0,
"christian fake money",20,0,
"create fake money crossword clue 5 letters",20,0,
"create fake money template",20,0,
"crypto fake money",20,0,
"australin money",20,39,Informational
"$1 australian notes",20,28,Informational, Commercial
"$100 banknote australia",20,30,Informational
"100 aud banknote",20,29,Informational, Commercial
"100 australian money",20,28,Informational
"24k gold australian notes",20,10,Commercial
"aa australian notes",20,15,Commercial
"about australia currency",20,43,Informational
"about australian currency",20,32,Informational
"all about australian money",20,30,Informational
"all australian currency",20,27,Informational
"all australian dollar notes",20,29,Informational
"all australian money",20,28,Informational
"all australian notes",20,28,Informational
"are australian bank notes waterproof",20,34,Informational
"are old australian banknotes worth anything",20,0,
"are old australian notes still legal tender",20,0,
"are old australian notes still valid",20,0,
"are paper notes still legal tender in australia",20,0,
"aud bank notes",20,0,
"aus bank note checker",20,0,
"aussie bank notes",20,0,
"aussie coin and notes",20,0,
"aussie slang for money notes",20,0,
"aussiecoinsandnotes",20,0,
"austalian notes",20,0,
"australia all currency notes",20,0,
"australia bank note checker",20,0,
"australia banknotes in circulation",20,0,
"australia biggest currency note",20,0,
"australia biggest note",20,0,
"australia currency denominations",20,0,
"australia currency information",20,0,
"australia currency money",20,0,
"australia currency notes images",20,0,
"australia dollar bills",20,0,
"australia highest currency note",20,0,
"australia money 100",20,0,
"australia money 5",20,0,
"australia money currency",20,0,
"australia money facts",20,0,
"australia money history",20,0,
"australia money name",20,0,
"australia money value",20,0,
"australia new banknotes",20,0,
"australia note checker",20,0,
"australia note currency",20,0,
"australia note photo",20,0,
"australia notes images",20,0,
"australia notes money",20,0,
"australia notes value",20,0,
"australia old notes",20,0,
"australia paper notes",20,0,
"australian bank note value",20,0,
"australian bank note values",20,0,
"australian bank notes 2024",20,0,
"australian bank notes for sale",20,0,
"australian bank notes images",20,0,
"australian bank notes people",20,0,
"australian bank notes value",20,0,
"australian bank notes worth money",20,0,
"australian banknote album",20,0,
"australian banknote bundles",20,0,
"australian banknote catalogue",20,0,
"australian banknote security features",20,0,
"australian banknote set",20,0,
"australian banknote signatures",20,0,
"australian banknote typo",20,0,
"australian banknotes 100",20,0,
"australian banknotes braille",20,0,
"australian banknotes ebay",20,0,
"australian banknotes faces",20,0,
"australian banknotes history",20,0,
"australian banknotes images",20,0,
"australian banknotes in circulation",20,0,
"australian banknotes new",20,0,
"australian banknotes pictures",20,0,
"australian banknotes valuation",20,0,
"australian banknotes who is on them",20,0,
"australian banknotes worth money",20,0,
"australian cash notes",20,0,
"australian currency 100",20,0,
"australian currency act 1965",20,0,
"australian currency coins and notes",20,0,
"australian currency dimensions",20,0,
"australian currency facts",20,0,
"australian currency highest denomination",20,0,
"australian currency in circulation",20,0,
"australian currency information",20,0,
"australian currency name",20,0,
"australian currency new",20,0,
"australian currency notes denominations",20,0,
"australian currency notes history",20,0,
"australian currency notes images",20,0,
"australian currency notes pictures",20,0,
"australian currency security features",20,0,
"australian currency value",20,0,
"australian currency who is on the notes",20,0,
"australian currency wiki",20,0,
"australian currency wikipedia",20,0,
"australian currency worth",20,0,
"australian decimal banknote values",20,0,
"australian decimal banknotes",20,0,
"australian decimal notes",20,0,
"australian dollar biggest note",20,0,
"australian dollar denominations",20,0,
"australian dollar highest note",20,0,
"australian dollar note denominations",20,0,
"australian dollar notes and coins",20,0,
"australian dollar old notes",20,0,
"australian gold notes",20,0,
"australian legal tender notes",20,0,
"australian million dollar note",20,0,
"australian mint banknotes",20,0,
"australian mint notes",20,0,
"australian money 100",20,0,
"australian money 20",20,0,
"australian money 5",20,0,
"australian money background",20,0,
"australian money chart",20,0,
"australian money coins and notes",20,0,
"australian money colours",20,0,
"australian money currency",20,0,
"australian money denominations",20,0,
"australian money design",20,0,
"australian money dimensions",20,0,
"australian money faces",20,0,
"australian money facts",20,0,
"australian money information",20,0,
"australian money look like",20,0,
"australian money material",20,0,
"australian money name",20,0,
"australian money notepad",20,0,
"australian money notes and coins",20,0,
"australian money notes images",20,0,
"australian money notes new",20,0,
"australian money notes pictures",20,0,
"australian money pdf",20,0,
"australian money security features",20,0,
"australian money size",20,0,
"australian money value",20,0,
"australian money vs american money",20,0,
"australian money who is on it",20,0,
"australian money wiki",20,0,
"australian money worth",20,0,
"australian money year 2",20,0,
"australian new bank notes",20,0,
"australian new currency",20,0,
"australian new money",20,0,
"australian note money",20,0,
"australian note money tin",20,0,
"australian note nicknames",20,0,
"australian note sizes",20,0,
"australian note spelling mistake",20,0,
"australian note value checker",20,0,
"australian notes collection",20,0,
"australian notes for sale",20,0,
"australian notes history",20,0,
"australian notes images",20,0,
"australian notes made of",20,0,
"australian notes pictures",20,0,
"australian notes size",20,0,
"australian notes values",20,0,
"australian notes who is on them",20,0,
"australian notes worksheet",20,0,
"australian paper bank notes",20,0,
"australian paper banknotes value",20,0,
"australian paper bills",20,0,
"australian paper money for sale",20,0,
"australian paper money pictures",20,0,
"australian paper note value",20,0,
"australian paper notes for sale",20,0,
"australian paper notes value",20,0,
"australian pound notes for sale",20,0,
"australian pound notes value",20,0,
"australian pre decimal banknotes for sale",20,0,
"australian prop notes",20,0,
"australian slang for money notes",20,0,
"australian star banknotes",20,0,
"australische banknoten",20,0,
"australische dollar noten",20,0,
"austrlian notes",20,0,
"banconote australia",20,0,
"banconote australiane",20,0,
"bank bills australia",20,0,
"banknote australia",20,0,
"banknoten australien",20,0,
"banknotes 5",20,0,
"banknotes aussie",20,0,
"banknotes of australia",20,0,
"banknotes.rba.gov.au",20,0,
"biggest australian currency note",20,0,
"biggest australian dollar note",20,0,
"biggest australian note",20,0,
"biggest currency note in australia",20,0,
"biggest note in australia",20,0,
"billet de banque australie",20,0,
"buy australian banknotes",20,0,
"buy australian notes",20,0,
"can you fold australian dollar",20,0,
"can you iron australian money",20,0,
"can you still use old australian notes",20,0,
"coins and banknotes australia",20,0,
"collecting australian banknotes",20,0,
"commonwealth of australia banknotes",20,0,
"commonwealth of australia banknotes worth",20,0,
"commonwealth of australia notes",20,0,
"currency act 1965 australia",20,0,
"currency australia use",20,0,
"currency in australia called",20,0,
"currency notes in australia",20,0,
"currency notes of australia",20,0,
"currency use in australia",20,0,
"current australia currency",20,0,
"current australian currency",20,0,
"current australian money",20,0,
"current australian money notes",20,0,
"current australian notes",20,0,
"current australian notes and coins",20,0,
"decimal banknotes",20,0,
"dimensions of australian notes",20,0,
"faces on australian banknotes",20,0,
"faces on australian money",20,0,
"faces on australian notes",20,0,
"faces on the australian notes",20,0,
"facts about australian currency",20,0,
"facts about australian money",20,0,
"first australian banknote",20,0,
"first australian banknotes",20,0,
"first australian note",20,0,
"gold australian banknotes",20,0,
"gold banknote australia",20,0,
"gold banknotes australia",20,0,
"gold notes australia",20,0,
"highest australian currency note",20,0,
"highest australian dollar note",20,0,
"highest australian note",20,0,
"highest currency in australia",20,0,
"highest currency note in australia",20,0,
"highest denomination note in australia",20,0,
"how does australian money look like",20,0,
"how much are australian paper notes worth",20,0,
"how much australian currency is in circulation",20,0,
"how much cash is in circulation in australia",20,0,
"how much currency in australia",20,0,
"how much is an australian pound note worth",20,0,
"how much is australia money",20,0,
"how much is australian money",20,0,
"how much is australian money worth",20,0,
"how much is old australian paper money worth",20,0,
"how much money is in circulation in australia",20,0,
"how to bundle notes for the bank australia",20,0,
"how to check if australian dollar is real",20,0,
"how to check if australian money is real",20,0,
"how to check if australian notes are real",20,0,
"how to date australian banknotes",20,0,
"how to exchange old 50 pound notes in australia",20,0,
"how to flatten australian bank notes",20,0,
"how to flatten australian notes",20,0,
"how to spot fake australian money",20,0,
"how to tell if a note is fake australia",20,0,
"how to tell if australian money is real",20,0,
"images of australian money notes",20,0,
"interesting facts about australian money",20,0,
"is australian money different than american",20,0,
"is australian money the same as american money",20,0,
"is australian money waterproof",20,0,
"is australian money worth more than american money",20,0,
"is the queen on australian money",20,0,
"largest australian bank note",20,0,
"largest australian note",20,0,
"largest denomination australian banknote",20,0,
"largest note in australian currency",20,0,
"misprinted australian banknotes",20,0,
"money currency in australia",20,0,
"money used in australia",20,0,
"name of australian money",20,0,
"new aussie banknotes",20,0,
"new australian bank notes",20,0,
"new australian banknote",20,0,
"new australian bills",20,0,
"new australian currency",20,0,
"new bank notes australia",20,0,
"nicknames for australian notes",20,0,
"nota australiana",20,0,
"note counter australia",20,0,
"notes in australia",20,0,
"old australia notes",20,0,
"old australian banknotes for sale",20,0,
"old australian banknotes value",20,0,
"old australian dollar notes",20,0,
"old australian notes for sale",20,0,
"old australian paper notes",20,0,
"old australian pound notes",20,0,
"old bank notes australia",20,0,
"old notes australia",20,0,
"old paper notes australia",20,0,
"original old australian notes",20,0,
"paper $1 note australia",20,0,
"pictures of australian banknotes",20,0,
"pictures of australian money notes",20,0,
"pre federation banknotes",20,0,
"printable australian notes",20,0,
"safe notes australia",20,0,
"security features of australian banknotes",20,0,
"security features on australian banknotes",20,0,
"security features on australian notes",20,0,
"signatures on australian banknotes",20,0,
"size of australian notes",20,0,
"slang for australian notes",20,0,
"slang names for australian notes",20,0,
"slang terms for australian notes",20,0,
"star notes australia",20,0,
"thickness of australian banknotes",20,0,
"uncirculated australian banknotes",20,0,
"uncut australian banknotes",20,0,
"uncut australian notes",20,0,
"uncut banknotes australia",20,0,
"what are australian dollars made of",20,0,
"what are australian notes made of",20,0,
"what australia money called",20,0,
"what does australia use for money",20,0,
"what does australian money look like",20,0,
"what does money look like in australia",20,0,
"what is australian money called",20,0,
"what is australian money notes made of",20,0,
"what is australian notes made of",20,0,
"what is australian notes made out of",20,0,
"what is the biggest note in australia",20,0,
"what is the highest currency in australia",20,0,
"what is the money currency in australia",20,0,
"what is the money used in australia",20,0,
"what is the name of australia money",20,0,
"what is the name of australian money",20,0,
"what money do they use in australia",20,0,
"what money does australia have",20,0,
"what money is used in australia",20,0,
"what money used in australia",20,0,
"what type of money do they use in australia",20,0,
"what type of money does australia use",20,0,
"what type of money is used in australia",20,0,
"what's australian money called",20,0,
"when did australia stop using paper money",20,0,
"when did paper notes stop in australia",20,0,
"when did the new australian notes come out",20,0,
"where can i exchange old australian notes",20,0,
"who are on australian notes",20,0,
"who are on the australian banknotes",20,0,
"who are on the australian notes",20,0,
"who are the people on australian money",20,0,
"who are the people on australian notes",20,0,
"who are the people on the australian notes",20,0,
"who invented australian money",20,0,
"who is on australian bank notes",20,0,
"who is on australian money notes",20,0,
"who is on the australian banknotes",20,0,
"who's on australian money",20,0,
"who's on australian notes",20,0,
"who's on the australian notes",20,0,
"whos on australian bank notes",20,0,
"whos on australian money",20,0,
"whos on the australian notes",20,0,
"whose faces are on the australian notes",20,0,
"why was commonwealth of australia removed from bank notes",20,0,
"women on australian banknotes",20,0,
"澳大利亚纸币",20,0,
"$5 note aus",20,0,
"australian $5 notes",20,0,
"five dollar australian note",20,0,
"new australian dollar",20,0,
"value of australian 1 note",20,0,
"10 australian dollar note",20,0,
"value of australian $2 note",20,0,
"who is on the $20 dollar note australia",20,0,
"currency of australia symbol",20,0,
"five dollar bill",20,0,
"$100 printable money sheets",20,9,Informational
"100 dollar play money printable",20,9,Informational
"adding australian money worksheets",20,6,Informational
"american money printable",20,13,Informational
"aussie play money",20,12,Commercial
"australian coins and notes printable",20,7,Informational
"australian coins printable free",20,8,Informational
"australian currency worksheets",20,11,Informational
"australian money activities",20,7,Informational, Commercial
"australian money activities for kindergarten",20,10,Informational, Transactional
"australian money activities for year 1",20,6,Informational, Commercial
"australian money activities for year 2",20,9,Informational
"australian money bingo",20,9,Informational
"australian money change worksheets",20,6,Informational
"australian money coins printable",20,8,Informational
"australian money colouring",20,12,Informational, Transactional
"australian money colouring in",20,9,Informational, Transactional
"australian money colouring pages",20,8,Informational, Transactional
"australian money counter online",20,6,Commercial
"australian money games printable",20,6,Informational
"australian money interactive",20,29,Commercial
"australian money interactive games",20,36,Commercial
"australian money lesson plans",20,8,Commercial
"australian money lessons",20,15,Informational
"australian money matching game",20,4,Commercial
"australian money maths worksheets",20,6,Informational
"australian money memory game",20,2,Informational
"australian money notes printable",20,14,Informational
"australian money online manipulatives",20,39,Commercial
"australian money printables",20,10,Informational
"australian money printables free",20,6,Informational
"australian money printouts",20,15,Informational
"australian money shopping worksheets",20,6,Informational
"australian money template",20,12,Informational
"australian money template black and white",20,16,Informational
"australian money template printable",20,8,Informational
"australian money word problems worksheets",20,8,Informational
"australian money worksheets for kindergarten",20,11,Informational
"australian money worksheets free",20,6,Informational
"australian money worksheets kindergarten",20,8,Informational
"australian money worksheets pdf",20,12,Informational
"australian money worksheets year 1",20,8,Informational
"australian money worksheets year 2",20,6,Informational
"australian money worksheets year 3",20,6,Informational
"australian money worksheets year 4",20,6,Informational
"australian money worksheets year 5",20,6,Informational
"australian monopoly money",20,18,Informational
"australian notes and coins printable",20,9,Informational
"australian play money coins",20,12,Commercial
"australian play money notes",20,17,Informational, Transactional
"australian play money printable pdf free download",20,9,Informational
"australian play money set",20,6,Commercial
"australian play money to print",20,14,Informational
"australian play money to print free",20,11,Informational
"blank play money template",20,61,Informational
"calculating change australian money game",20,41,Commercial
"calculating change australian money worksheet",20,8,Informational
"calculating change australian money worksheets",20,9,Informational
"calculating change australian money worksheets free",20,4,Informational
"calculating change worksheet australia",20,9,Informational
"classroom fake money printable",20,20,Informational
"classroom fake money printable free",20,17,Informational
"classroom money printable",20,18,Informational
"count money worksheets printables",20,30,Informational
"counting australian money worksheets",20,6,Informational
"counting money games australia",20,36,Informational
"counting money worksheets australia",20,6,Informational
"create your own play money",20,31,Informational
"currency worksheets",20,25,Informational
"cute fake money printable",20,30,Informational
"diy play money",20,17,Informational
"dollar printable money",20,26,Informational
"editable play money template",20,25,Informational
"euro printable play money",20,14,Informational
"fake australian money template",20,20,Informational
"fake money printable australia",20,23,Informational
"fake play money printable",20,40,Informational
"fake play money to print",20,37,Commercial
"fake printable play money",20,44,Informational
"free australian money printables",20,9,Informational
"free australian money shopping worksheets",20,6,Informational
"free australian money worksheets",20,5,Informational
"free counting money worksheets",20,27,Informational
"free money printable worksheets",20,29,Informational
"free money worksheets australia",20,10,Informational, Commercial
"free online australian money games",20,48,Informational
"free play money template",20,69,Informational
"free printable australian money",20,13,Informational
"free printable australian money templates pdf",20,6,Informational
"free printable calculating change australian money worksheets",20,5,Informational
"free printable classroom money template",20,0,
"free printable counting money worksheets",20,0,
"free printable fake money",20,0,
"free printable fake money template",20,0,
"free printable fake money template for teachers",20,0,
"free printable fake play money printable",20,0,
"free printable money math worksheets",20,0,
"free printable money notes",20,0,
"free printable money notes pdf",20,0,
"free printable money sheets",20,0,
"free printable money worksheets",20,0,
"free printable money worksheets australia",20,0,
"free printable money worksheets pdf",20,0,
"free printable play money",20,0,
"free printable play money australia",20,0,
"free printable play money pdf",20,0,
"free printable play money template",20,0,
"free printable pretend money",20,0,
"free printable toy money",20,0,
"fun money worksheets",20,0,
"giving change australian money game",20,0,
"giving change australian money worksheets",20,0,
"how much does it cost to make australian money",20,0,
"how to count australian money",20,0,
"how to make australian money",20,0,
"how to make play money",20,0,
"identifying money worksheets",20,0,
"interactive australian money",20,0,
"interactive australian money games",20,0,
"interactive money games australia",20,0,
"kadink australian play money pack",20,0,
"make your own play money",20,0,
"make your own play money free",20,0,
"maths worksheets money australia",20,0,
"money coloring worksheets",20,0,
"money identification worksheets",20,0,
"money interactive games australia",20,0,
"money manipulatives online",20,0,
"money maths games australia",20,0,
"money notes printable",20,0,
"money printable activities",20,0,
"money printable worksheets",20,0,
"money recognition worksheets",20,0,
"money sheets printable",20,0,
"money worksheets year 1 australia",20,0,
"money worksheets year 2 australia",20,0,
"money worksheets year 4 australia",20,0,
"monopoly money australia",20,0,
"paper money printable",20,0,
"philippine play money printable",20,0,
"pictures of australian money printable",20,0,
"play money australian printable free",20,0,
"play money coins printable",20,0,
"play money coloring pages",20,0,
"play money euro printable",20,0,
"play money notes to print",20,0,
"play money printable $1",20,0,
"play money printable black and white",20,0,
"play money printable pdf free download",20,0,
"play money template",20,0,
"play money template australian",20,0,
"play money template editable",20,0,
"play money template free",20,0,
"play money template printable",20,0,
"play money to print",20,0,
"play money to print for free",20,0,
"play money to print free",20,0,
"play printable money",20,0,
"pretend australian money",20,0,
"pretend australian money to print",20,0,
"pretend money printable",20,0,
"pretend money printable free",20,0,
"pretend money template",20,0,
"pretend play money printable",20,0,
"pretend printable money",20,0,
"print fake australian money",20,0,
"print play money",20,0,
"print play money australian",20,0,
"print play money free",20,0,
"print play money pdf",20,0,
"print play money template",20,0,
"printable 100 dollar play money",20,0,
"printable australian dollar notes",20,0,
"printable australian money notes",20,0,
"printable australian money pdf free download",20,0,
"printable chinese money",20,0,
"printable counting money worksheets",20,0,
"printable currency",20,0,
"printable disney money",20,0,
"printable dollars",20,0,
"printable euro play money",20,0,
"printable fake australian money",20,0,
"printable fake money actual size pdf",20,0,
"printable fake money actual size pdf free download",20,0,
"printable fake money australia",20,0,
"printable fake money for classroom pdf",20,0,
"printable fake money free",20,0,
"printable fake money template",20,0,
"printable money australia",20,0,
"printable money australian",20,0,
"printable money coloring pages",20,0,
"printable money counting worksheets",20,0,
"printable money for classroom",20,0,
"printable money math worksheets",20,0,
"printable money notes",20,0,
"printable money pdf",20,0,
"printable money sheets",20,0,
"printable money template",20,0,
"printable money template free",20,0,
"printable money worksheets",20,0,
"printable play checks",20,0,
"printable play coins",20,0,
"printable play money",20,0,
"printable play money $100",20,0,
"printable play money australia free",20,0,
"printable play money australian dollars",20,0,
"printable play money black and white",20,0,
"printable play money pdf",20,0,
"printable play money pdf free download",20,0,
"printable play money sheets",20,0,
"printable play money template",20,0,
"real money printable",20,0,
"realistic money printable",20,0,
"teaching australian money to year 1",20,0,
"topmarks australian money",20,0,
"topmarks money australia",20,0,
"virtual money manipulatives",20,0,
"year 4 money worksheets australia",20,0,
"printable fake play money",20,0,
"does atm accept fake money",20,24,Informational
"does atm take fake money",20,29,Informational
"does prop money work in vending machines",20,21,Informational
"how can i make fake money",20,31,Informational
"how can i tell if money is fake",20,68,Informational
"how can u tell if money is fake",20,59,Informational
"how can you tell fake money from real money",20,59,Informational
"how can you tell if money is real or fake",20,58,Informational
"how do i know if money is fake",20,60,Informational
"how do i make fake money",20,31,Informational
"how do people make fake money",20,24,Informational
"how do u know if money is fake",20,63,Informational
"how do you know if the money is fake",20,59,Informational
"how do you know if your money is fake",20,57,Informational
"how do you know money is fake",20,62,Informational
"how do you make fake money",20,42,Informational
"how do you make fake money look real",20,42,Informational
"how fake money is made",20,53,Informational
"how is fake money made",20,39,Informational
"how much does fake money cost",20,25,Informational
"how much does prop money cost",20,25,Informational, Commercial
"how much fake money is in circulation",20,49,Informational
"how much is fake money",20,25,Informational
"how to age prop money",20,40,Informational
"how to buy fake money",20,20,Informational
"how to check fake money australia",20,20,Informational
"how to check for fake money",20,63,Informational
"how to check if money is fake",20,59,Informational
"how to check if the money is fake",20,44,Informational
"how to clean fake money",20,31,Informational
"how to fake money",20,54,Informational
"how to find out if money is fake",20,43,Informational
"how to forge money",20,65,Informational
"how to get fake money",20,38,Informational
"how to get rid of fake money",20,47,Informational
"how to know if it's fake money",20,61,Informational
"how to know if money is real or fake",20,66,Informational
"how to know if your money is fake",20,59,Informational
"how to know the fake money",20,61,Informational
"how to know when money is fake",20,66,Informational
"how to make prop money",20,41,Informational
"how to make prop money feel real",20,39,Informational
"how to make prop money feel real reddit",20,24,Navigational, Transactional
"how to make prop money look real",20,41,Informational
"how to notice fake money",20,44,Informational
"how to produce fake money",20,40,Informational
"how to report fake money",20,25,Informational
"how to spend fake money",20,63,Informational
"how to spot fake money australia",20,24,Informational
"how to tell fake money australia",20,24,Informational
"how to tell fake money from real",20,59,Informational
"a money gun",20,21,Commercial
"black money gun",20,19,Informational, Transactional
"can you put real money in a money gun",20,24,Informational
"cheap money gun",20,25,Commercial
"custom money gun",20,11,Commercial
"dollar bill gun gif",20,19,Informational
"ebay money gun",20,18,Informational, Transactional
"fake money gun",20,23,Commercial
"fake money gun toy",20,19,Commercial
"gun money",20,16,Informational
"gun money machine",20,29,Commercial
"gun shooting money",20,19,Commercial
"gunmoney",20,6,Informational
"how does a money gun work",20,25,Informational
"how much does a money gun cost on tiktok",20,24,Informational, Navigational
"how much is a money gun on tiktok",20,24,Informational, Navigational
"how much is a money gun on tiktok worth",20,17,Informational
"how much is a money gun tiktok",20,24,Informational
"how much is a money gun worth",20,24,Informational, Commercial
"how much is money gun on tiktok in dollars",20,15,Informational
"how to make a money gun",20,25,Informational
"make it rain money gun",20,24,Commercial
"money blower gun",20,25,Informational, Transactional
"money cannon",20,17,Informational
"money dispenser gun",20,19,Commercial
"money for money gun",20,19,Commercial
"money gun australia",20,18,Commercial
"money gun big w",20,18,Informational
"money gun black",20,15,Informational
"money gun buy",20,25,Transactional
"money gun cash",20,18,Commercial
"money gun cost tiktok",20,25,Informational
"money gun ebay",20,18,Informational, Transactional
"money gun emoji",20,26,Informational
"money gun for real money",20,21,Commercial
"money gun game",20,23,Transactional
"money gun gif",20,22,Informational
"money gun gold",20,21,Informational
"money gun in stores",20,22,Transactional
"money gun machine",20,26,Informational, Transactional
"money gun make it rain",20,24,Commercial
"money gun melbourne",20,17,Commercial
"money gun meme",20,20,Informational
"money gun meme gif",20,22,Informational
"money gun money",20,20,Commercial
"money gun near me",20,21,Transactional
"money gun nearby",20,19,Transactional
"money gun on tiktok",20,25,Informational
"money gun on tiktok worth",20,14,Informational
"money gun party",20,12,Commercial
"money gun png",20,17,Informational
"money gun price",20,19,Transactional
"money gun real money",20,25,Commercial
"money gun run",20,22,Informational, Transactional
"money gun shein",20,19,Navigational
"money gun shooter",20,23,Commercial
"money gun sydney",20,19,Informational, Transactional
"money gun target",20,21,Informational
"money gun temu",20,21,Informational, Transactional
"money gun tiktok cost",20,17,Informational
"money gun tiktok gift png",20,27,Informational
"money gun tiktok png",20,25,Informational
"money gun tiktok price",20,25,Transactional
"money gun tiktok worth",20,27,Informational
"money gun toy",20,18,Informational, Transactional
"money gun video",20,26,Informational, Transactional
"money guns amazon",20,26,Informational, Transactional
"money launcher gun",20,21,Commercial
"money machine gun",20,25,Informational, Transactional
"money shooter",20,24,Informational, Commercial
"money shooter gun",20,18,Commercial
"money shooting gun",20,21,Commercial
"money spray gun",20,25,Informational
"money throw gun",20,26,Informational
"money throwing gun",20,26,Informational, Transactional
"moneygun chicago",20,28,Navigational, Transactional
"moneygun run",20,26,Informational, Transactional
"moneygun tiktok",20,27,Informational
"monopoly money gun",20,22,Informational
"paper money gun",20,19,Informational
"red money gun",20,23,Informational
"shooting money",20,29,Informational
"stripper money gun",20,10,Informational
"team rar money gun",20,37,Informational, Navigational
"the money gun",20,19,Informational, Transactional
"tiktok money gun png",20,24,Informational
"tiktok money gun price",20,25,Transactional
"tiktok money gun value",20,20,Informational
"what is a money gun",20,18,Informational
"what is a money gun on tiktok",20,24,Informational, Navigational
"where can i buy a money gun",20,25,Transactional
"where to buy a money gun",20,28,Transactional
"where to buy money gun",20,23,Transactional
"can a gun work in water",20,0,
"do guns work in water",20,0,
"do wet guns work",20,0,
"does a gun work in water",20,0,
"does the hand in warm water prank work",20,0,
"does the warm water prank work",20,0,
"how to make water gun",20,0,
"how to use toilet water gun",20,0,
"is it illegal to have a water gun in public",20,0,
"is it illegal to shoot someone with a water gun",20,0,
"is it illegal to spray people with water",20,0,
"is it illegal to spray someone with a water gun",20,0,
"is it illegal to spray someone with water",20,0,
"what is the hand in warm water prank",20,0,
"20 dollar money lei",20,17,Informational, Transactional
"bow tie money lei",20,25,Informational
"butterfly lei money",20,26,Informational
"butterfly money lei",20,23,Informational
"chocolate graduation lei",20,29,Informational
"chocolate lei for graduation",20,27,Informational, Commercial
"crown money lei",20,26,Informational
"diy money lei for graduation",20,25,Informational
"fancy lei aj worth",20,25,Informational
"fancy lei worth aj",20,23,Navigational
"filipino lei for graduation",20,25,Informational
"flower money lei",20,29,Informational
"funny graduation leis",20,26,Informational
"graduation lei ideas for guys",20,25,Informational
"graduation lei meaning",20,6,Informational
"graduation lei necklace",20,26,Commercial
"graduation lei philippines",20,26,Informational
"graduation leis costco",20,26,Informational
"graduation leis for guys",20,25,Informational
"graduation leis for men",20,25,Informational
"graduation money garland",20,26,Informational
"graduation money holder",20,26,Commercial
"graduation money lei ideas",20,25,Informational
"graduation necklace lei",20,26,Commercial
"hawaiian money lei",20,26,Informational, Transactional
"how do you make a lei out of money",20,27,Informational
"how do you make a money lei",20,24,Informational
"how do you make money leis",20,25,Informational
"how make money lei",20,25,Informational
"how to make a easy money lei",20,24,Informational
"how to make a graduation lei with money",20,24,Informational
"how to make a graduation money necklace",20,24,Informational
"how to make a lei out of money",20,28,Informational
"how to make a lei with money",20,24,Informational
"how to make a money graduation lei",20,24,Informational
"how to make a money lei",20,25,Informational
"how to make a money lei easy",20,24,Informational
"how to make a money lei for graduation",20,24,Informational
"how to make a money necklace for graduation",20,30,Informational
"how to make a simple money lei",20,28,Informational
"how to make flat money leis",20,28,Informational
"how to make graduation leis with money",20,24,Informational
"how to make leis with money",20,25,Informational
"how to make money graduation leis",20,28,Informational
"how to make money lei graduation",20,28,Informational
"how to make money leis for graduation",20,28,Informational
"how to make money leis for guys",20,24,Informational
"lei gift",20,27,Informational
"lei ideas",20,27,Informational
"lei money currency",20,31,Informational
"lei money flowers",20,26,Informational
"lei money necklace",20,26,Informational
"lei necklace for graduation",20,25,Commercial
"lei necklace graduation",20,21,Commercial
"lei necklace money",20,26,Informational
"lei price",20,5,Transactional
"leis for graduation costco",20,25,Informational
"making a money lei",20,25,Informational
"money crown for graduation",20,25,Informational
"money crown graduation",20,26,Informational
"money crown lei",20,26,Informational
"money garland for graduation",20,25,Informational, Commercial
"money graduation",20,27,Informational
"money leaf lei",20,26,Informational
"money lei crown",20,26,Informational
"money lei diy",20,26,Informational
"money lei for birthday",20,25,Informational
"money lei for graduation",20,25,Informational
"money lei for wedding",20,25,Informational, Transactional
"money lei hawaii",20,19,Informational, Transactional
"money lei tutorial",20,26,Informational
"money leikeli",20,28,Informational, Transactional
"money leis ideas",20,26,Informational
"money leis near me",20,12,Transactional
"money necklace for graduation",20,25,Informational
"money necklace lei",20,26,Informational
"money sash for graduation",20,25,Informational
"money wreath for graduation",20,30,Informational
"orchid lei graduation",20,16,Informational, Transactional
"polynesian money lei",20,22,Informational, Transactional
"silver lei",20,19,Informational
"tutorial money lei",20,26,Informational
"where can i buy a lei for graduation",20,17,Transactional
"where to buy a lei for graduation",20,20,Transactional
"how do you make a candy lei",20,0,
"how to make a candy lei with cellophane",20,0,
"how to make a lei with candy",20,0,
"how to make candy leis",20,0,
"how to make candy leis for graduation",20,0,
"how to make candy leis with cellophane",20,0,
"how to make candy leis with plastic wrap",20,0,
"how to make candy leis without plastic wrap",20,0,
"how to make chocolate lei",20,0,
"how to make chocolate leis",20,0,
"how to make graduation leis with candy",20,0,
"how to make samoan lolly necklace",20,0,
"how to make tongan lei",20,0,
"where to buy candy leis near me",20,0,
"about australian money",10,0,
"aud denominations notes",10,0,
"australia australian currency",10,0,
"australia bank note",10,0,
"australia currency 5",10,0,
"australia currency note",10,0,
"australia money bills",10,0,
"australia money currency name",10,0,
"australia national currency",10,0,
"australia new money",10,0,
"australia new notes",10,0,
"australia of currency",10,0,
"australia post banknotes",10,0,
"australian bank note spelling mistake",10,0,
"australian banknote values",10,0,
"australian banknotes auctions",10,0,
"australian banknotes for sale ebay",10,0,
"australian banknotes information",10,0,
"australian banknotes values",10,0,
"australian coins and notes pictures",10,0,
"australian currency notes in circulation",10,0,
"australian denominations notes",10,0,
"australian dollar all notes",10,0,
"australian dollar notes value",10,0,
"australian halloween note",10,0,
"australian money 1",10,0,
"australian money anchor chart",10,0,
"australian note counter",10,0,
"australian notes ebay",10,0,
"australian notes information",10,0,
"australian star notes",10,0,
"banconote australiane in corso",10,0,
"bank note australia",10,0,
"banknote new australian dollar",10,0,
"banknotes for sale australia",10,0,
"banknoty australia",10,0,
"billet de banque australien",10,0,
"bluey banknote",10,0,
"buy old australian banknotes",10,0,
"how to identify fake australian notes",10,0,
"how to spot a fake australian note",10,0,
"how to tell a fake note australia",10,0,
"kamberra banknotes",10,0,
"money currency australia",10,0,
"notes to coins commbank",10,0,
"old australian banknote values",10,0,
"paper australian notes",10,0,
"people on australian bank notes",10,0,
"security features of australian notes",10,0,
"star note australia",10,0,
"type of money in australia",10,0,
"what are australian money called",10,0,
"what is australia's money called",10,0,
"what money australia use",10,0,
"what money currency does australia use",10,0,
"what money currency is used in australia",10,0,
"when did the australian $1 note stop",10,0,
"which money australia use",10,0,
"which money is australia using",10,0,
"австралийские банкноты",10,0,
"اسکناس استرالیا",10,0,
"澳洲纸币",10,0,
"1 dollar play money printable",10,0,
"australia printable worksheets",10,0,
"australian coins and notes worksheets",10,0,
"australian money for kindergarten",10,0,
"australian money notes worksheets",10,0,
"australian money printable for kids",10,0,
"australian money worksheet year 2",10,0,
"australian play money printable free",10,0,
"chinese money printable",10,0,
"class money printable",10,0,
"counting australian money games",10,0,
"custom play money template",10,0,
"design your own play money",10,0,
"editable free printable fake money template for teachers",10,0,
"editable play money",10,0,
"fake money for games printable",10,0,
"fake money printable template",10,0,
"free editable play money template",10,0,
"free printable australian money templates",10,0,
"free printable barbie money",10,0,
"free printable christmas play money",10,0,
"free printable disney money",10,0,
"free printable money activities",10,0,
"free printable play money printable",10,0,
"free virtual money manipulatives",10,0,
"how to make play money with your picture",10,0,
"i can count money australia app",10,0,
"images of play money to print",10,0,
"interactive australian money games for year 3",10,0,
"money activity for kindergarten",10,0,
"money bills printable",10,0,
"pictures of play money to print",10,0,
"play money creator",10,0,
"play money print out",10,0,
"play money printable australian",10,0,
"play money printable free download",10,0,
"play money printable nz",10,0,
"play money printable pdf",10,0,
"play money printable pdf free",10,0,
"play money printables",10,0,
"play money template customizable",10,0,
"play money template pdf",10,0,
"play money worksheets",10,0,
"print fake play money",10,0,
"print pretend money",10,0,
"printable australian money pdf free",10,0,
"printable double sided play money",10,0,
"printable fake money for classroom free",10,0,
"printable fake money for classroom pdf free download",10,0,
"printable free printable australian money",10,0,
"printable money activities for preschoolers",10,0,
"printable money coins",10,0,
"printable money play",10,0,
"printable money sheet",10,0,
"printable money templates",10,0,
"printable play money double sided",10,0,
"printable play money notes",10,0,
"printable play money uk",10,0,
"printable pretend money",10,0,
"printable realistic money",10,0,
"printing play money",10,0,
"template for play money",10,0,
"aliexpress money gun",10,20,Navigational, Transactional
"best money gun",10,25,Commercial
"best money gun for real money",10,23,Commercial
"bl3 money gun",10,23,Informational, Commercial
"blue money gun",10,25,Informational
"cost of money gun on tiktok",10,17,Informational
"currency gun machine",10,25,Commercial
"custom fake money for money gun",10,5,Commercial
"cyberpunk money gun",10,25,Informational
"dollar bill gun shooter",10,24,Commercial
"dream team money gun",10,22,Informational
"gun money shooter",10,22,Commercial
"gun that shoots dollar bills",10,24,Commercial
"gun that shoots money",10,24,Commercial
"how much is a money gun in tiktok",10,23,Informational
"how much is money gun",10,24,Informational
"how much is money gun in tiktok",10,10,Informational
"how much is money gun on tiktok in naira",10,23,Navigational, Transactional
"how much is money gun tiktok",10,24,Informational
"how much money is money gun tiktok",10,12,Informational
"money blaster gun",10,18,Commercial
"money dispensing gun",10,19,Commercial
"money gun drawing",10,21,Informational, Transactional
"money gun gift on tiktok",10,24,Informational
"money gun gift on tiktok worth",10,16,Informational
"money gun gta 5",10,25,Informational
"money gun in tiktok",10,25,Informational, Navigational
"money gun jb hi-fi",10,18,Navigational
"money gun monopoly",10,17,Informational
"money gun on tiktok is how much",10,15,Informational
"money gun picture",10,20,Informational
"money gun png tiktok",10,25,Informational, Transactional
"money gun real",10,25,Commercial
"money gun red",10,20,Informational
"money gun shooter near me",10,20,Transactional
"money gun shooting",10,19,Commercial
"money gun sound effect",10,10,Informational, Transactional
"money gun tiktok value",10,24,Informational
"money gun value on tiktok",10,20,Informational
"money gun wedding entrance",10,22,Informational, Transactional
"money gun with custom money",10,21,Commercial
"money gunn",10,26,Informational
"money maker gun",10,25,Commercial
"money note gun",10,10,Commercial
"money shot gun",10,25,Informational
"party money gun",10,17,Commercial
"prop money gun",10,24,Commercial
"target money gun",10,25,Informational
"teamrar com money gun",10,25,Navigational
"teamrar.com money gun",10,25,Navigational
"tiktok money gun cost",10,17,Informational
"tiktok money gun image",10,20,Informational
"tiktok moneygun",10,26,Informational
"toy gun that shoots money",10,19,Commercial
"what does money gun mean on tiktok",10,24,Informational
"are water guns dangerous",10,0,
"can you shoot a gun in water",10,0,
"is a water gun a weapon",10,0,
"is a water gun considered a weapon",10,0,
"is it illegal to shoot water guns in public",10,0,
"is spraying people with water a crime",10,0,
"is spraying someone with a water gun assault",10,0,
"is spraying someone with a water gun considered assault",10,0,
"what does the water gun emoji mean",10,0,
"what is the water gun trend",10,0,
"what is water gun",10,0,
"why is the gun emoji a water gun",10,0,
"birthday money lei",10,25,Informational
"do you give graduation leis before or after",10,6,Informational
"flat money lei with ribbon",10,24,Informational
"garland money for graduation",10,25,Informational, Commercial
"graduation lei etsy",10,23,Navigational, Transactional
"graduation lei for guys",10,25,Informational, Transactional
"graduation lei fresh",10,35,Commercial
"graduation lei ideas for her",10,24,Informational
"graduation lei safeway",10,25,Informational
"graduation lei with money",10,25,Informational
"graduation money crown",10,25,Informational
"graduation money lei near me",10,28,Transactional
"graduation money tree",10,25,Informational
"how to attach money to lei",10,31,Informational
"how to make a flower lei with money",10,30,Informational
"how to make a money lay for graduation",10,27,Informational
"how to make a money lei for birthday",10,23,Informational
"how to make a money lei with flowers",10,27,Informational
"how to make a money lei without tape",10,23,Informational
"how to make lei money",10,24,Informational
"how to make lei with money",10,24,Informational
"how to make money lei for graduation",10,27,Informational
"how to make money lei for wedding",10,26,Informational
"how to make money leis",10,24,Informational
"how to make money necklace for graduation",10,30,Informational
"how to make tongan money lei",10,24,Informational
"lei design for graduation",10,25,Informational
"lei for graduates",10,17,Informational
"lei for graduation",10,28,Informational
"lei for graduation meaning",10,7,Informational
"lei for graduation near me",10,27,Transactional
"lei graduation",10,26,Informational
"lei graduation ideas",10,25,Informational, Commercial
"lei in bulk",10,5,Commercial
"lei on graduation",10,22,Informational
"lei with money",10,25,Informational
"leis money",10,26,Informational
"leis on graduation",10,16,Informational
"male graduation lei",10,25,Informational
"money chain lei",10,25,Informational, Transactional
"money crowns for graduation",10,25,Informational
"money garland for graduation philippines",10,24,Informational
"money garland for groom",10,25,Informational
"money haku lei",10,25,Informational
"money lei graduation",10,25,Informational
"money lei hawaiian",10,31,Informational, Transactional
"money lei ideas",10,25,Informational
"money lei near me",10,25,Transactional
"money lei philippines",10,25,Informational
"money lei template",10,11,Informational
"money lei with ribbon",10,25,Informational
"money leis",10,26,Informational
"money leis for sale",10,25,Transactional
"money leis graduation",10,20,Informational
"money necklace graduation",10,25,Informational
"money necklaces for graduation",10,25,Informational, Transactional
"simple money lei ideas",10,25,Informational
"what is a lei for graduation",10,5,Informational
"whats a graduation lei",10,6,Informational
"when to give lei at graduation",10,6,Informational
"how to make a candy lei",10,0,
"how to make a candy lei for graduation",10,0,
"how to make a candy lei with plastic wrap",10,0,
"how to make a candy lei without plastic wrap",10,0,
"how to make a chocolate lei",10,0,
"how to make a lei po o",10,0,
"how to make carnation leis",10,0,
"how to make lolly lei with cellophane",10,0,
"how to make samoan leis",10,0,
"1 australian note dda 089995",0,0,
"1 australian note value",0,0,
"1 australian papernotes knight signature",0,0,
"1 billion australian dollar note",0,0,
"1 bundle of australian notes",0,0,
"1 notes australia",0,0,
"10 facts about australian currency",0,0,
"100 aud note ban",0,0,
"100 aud paper",0,0,
"100 australia dolloar banknote",0,0,
"100 australia replica gold banknote",0,0,
"100 australian banknote",0,0,
"100 australian note ban",0,0,
"100 australian note cascaded",0,0,
"100 australian note dimensions",0,0,
"100 australian notes gif",0,0,
"100 australian paper note",0,0,
"100 austrlian note size",0,0,
"100 banknote australia",0,0,
"100 dollar australia ban",0,0,
"100 dollar australian bank notes",0,0,
"100 dollar australian banknote cannon",0,0,
"100 dollar australian banknote solder",0,0,
"100 dollar australian banknote soldier",0,0,
"100 dollar bill australia ngan hang dia phu",0,0,
"100 money in australia",0,0,
"100 note australia banned",0,0,
"100 note png australia",0,0,
"100 paper note australia",0,0,
"100 pound australian note found",0,0,
"100 prop australian bill",0,0,
"1000 austaralian notes",0,0,
"1000 australian note band",0,0,
"1000 australian notes",0,0,
"1000 australian poung note",0,0,
"1000 note australi",0,0,
"1000 notes australian",0,0,
"1000000 australian note",0,0,
"150 notes australia",0,0,
"161 cm aaustralian 1 hundred dollarnote",0,0,
"1700-1800 money is called what australia",0,0,
"17001800 money is called what australia",0,0,
"1874 australian bank note",0,0,
"1915 australian currency",0,0,
"1928 australian pound note",0,0,
"1932 issue of australianbank notes",0,0,
"1940 australian notes money",0,0,
"1945 australian note",0,0,
"1949 5 pound australian banknote",0,0,
"1950 australian 5 pond note",0,0,
"1950 australian 5 pound note",0,0,
"1953 54 series of australian banknotes",0,0,
"1953 54 series of banknotes",0,0,
"1953 54 series ofaustralian banknotes",0,0,
"1960 australian bank note",0,0,
"1960 australian notes are they still legal tender",0,0,
"1966 australian notes",0,0,
"1966 commenwealth of australia note",0,0,
"1966 commonwealth of australia note",0,0,
"1967 paper note australia",0,0,
"1970s australian notes",0,0,
"1980's australian paper money",0,0,
"1980s australian paper money",0,0,
"1982 australian notes bundle",0,0,
"1990's australian money",0,0,
"1990s australian money",0,0,
"1993 5 australian note ebay",0,0,
"1993 fraser evans 50 unc banknote",0,0,
"1993 fraser evans 50 unc banknote r515",0,0,
"20 australia emergency services bank note",0,0,
"20 australian banknote printed crooked",0,0,
"20 commonwealth of australia note",0,0,
"200 notes australia",0,0,
"2001 australian federal bank note",0,0,
"2002 ba prefix 5 australian polymer note",0,0,
"2013 centenary of australian banknotes",0,0,
"2014 australian banknotes",0,0,
"2015 pocket guide to australian coins and banknotes",0,0,
"2016 australia 50 note aa16 first prefix aunc aa pair",0,0,
"2017 australian notes",0,0,
"2019 new money australia",0,0,
"25 australia notes",0,0,
"25 australian money notes",0,0,
"3d image on australian notes",0,0,
"5 1.60 australian money",0,0,
"5 australian bank note",0,0,
"5 australian bank note collect",0,0,
"5 australian banknote",0,0,
"5 australian banknote fade with ink malfunction collector",0,0,
"5 australian banknote faded with ink malfunction collector",0,0,
"5 australian note bundle 100",0,0,
"5 facts about australia's currency",0,0,
"5 facts about australias currency",0,0,
"5 interesting facts about australian currency",0,0,
"5 note australia thickness",0,0,
"5 note thickness australia",0,0,
"5 x 100 bill australia",0,0,
"5 澳 元 纸币",0,0,
"50 australian bank note real sized tem plate",0,0,
"50 australian bank note real sized template",0,0,
"50 australian bank note series",0,0,
"50 australian bank notes real size template",0,0,
"50 australian bank notes with spelling errors",0,0,
"50 australian note png 2018",0,0,
"50 commonwealth of australia banknotes",0,0,
"50 gh 09 australian bank note",0,0,
"50 new rba banknote",0,0,
"50 paper australia",0,0,
"500 euro note australia",0,0,
"5000 dollar bill australia",0,0,
"50000 cash australia",0,0,
"50000 in australian money looks like",0,0,
"7 dollar banknote australia csiro",0,0,
"70000 dollar australian banknotes",0,0,
"a1 australian notes good",0,0,
"aa bank notes 5 aussie",0,0,
"aa prefix 5 banknote australia",0,0,
"aa36699021 australian 5 banknote",0,0,
"aaustralian notes",0,0,
"aistralian currwncy new notes",0,0,
"ajstralian banknotes masterpieces set",0,0,
"all asutralian notes",0,0,
"all australian bank notes",0,0,
"all australian banknotes",0,0,
"all australian notes current",0,0,
"all australian notes transparent",0,0,
"all australian paper banknotes",0,0,
"all australian specimen banknotes",0,0,
"all australias notes",0,0,
"all dollar notes in aus",0,0,
"all notes australia",0,0,
"all old australian notes",0,0,
"all the dollar notes in australia",0,0,
"all variations of australian notes",0,0,
"american money size comparison australian notes",0,0,
"american notes dimensions comparison australian notes",0,0,
"annotation australian money",0,0,
"anz 500 notes indian",0,0,
"are 1950 australian notes still legal tender",0,0,
"are 5 australian plastic bank notes worth there face value",0,0,
"are 500 rs notes exchanged in australia",0,0,
"are american notes smaller than australia notes",0,0,
"are australian 50 paper notes colloctables",0,0,
"are australian banknotes a good investment",0,0,
"are australian banknotes the same size",0,0,
"are australian notes larger than america",0,0,
"are australian notes see through",0,0,
"are australian paper notes legal tender",0,0,
"are australian paper notes still legal tender",0,0,
"are old australian bank notes legal tender",0,0,
"are old australian banknotes still legal tender",0,0,
"are old paper notes still legal tender in australia",0,0,
"are paper notes legal tender in australia",0,0,
"are there different 50 australian notes with and without names",0,0,
"are there triangles on australian money",0,0,
"are there triangles on australian notes",0,0,
"are writings on money australia",0,0,
"asutralian notes",0,0,
"au bank notes",0,0,
"au bank notes what does r.209a mean",0,0,
"au banknotes how many were printed",0,0,
"au banknotes sizes",0,0,
"au new banknotes frontal view",0,0,
"au note money band",0,0,
"auatralian bank notes",0,0,
"auatralian note",0,0,
"auatralian note cut in half",0,0,
"aud banknote font",0,0,
"aud banknotes 20",0,0,
"aud banknotes in circulation",0,0,
"aud currency new notes",0,0,
"aud currency when does old note design stop",0,0,
"aud notes in circulation",0,0,
"aud paper money",0,0,
"aus bank note",0,0,
"aus bank note code",0,0,
"aus banknote",0,0,
"aus banknote pages",0,0,
"aus banknotew",0,0,
"aus currency when does old note design stop",0,0,
"aus dollar bills are made up of",0,0,
"aus new notes",0,0,
"aus note bundles",0,0,
"aus paper money",0,0,
"aus paper notes",0,0,
"ausralian money facts",0,0,
"aussie 5 slang money",0,0,
"aussie alang for bank notes",0,0,
"aussie bank notes clear windows",0,0,
"aussie banknote slang",0,0,
"aussie banknotes clear windows",0,0,
"aussie dollar note",0,0,
"aussie money bills",0,0,
"aussie note slang",0,0,
"aussie note typo",0,0,
"aussie notes nicname",0,0,
"aussie notes vs us banknote",0,0,
"aussie notes wiki",0,0,
"aussie paper notes",0,0,
"aussie slang for bank notes",0,0,
"aussie slang for notes",0,0,
"aust banknotes how many were printed",0,0,
"aust banknotes poster",0,0,
"aust decimal banknotes",0,0,
"aust pound notes",0,0,
"austalian bank notes",0,0,
"austalian money notes 1966",0,0,
"austalian new banknote fluroscent pictures",0,0,
"austlian notes people on the notes",0,0,
"austraian notes",0,0,
"austraian royal banknote",0,0,
"austraila new design money",0,0,
"austrailian 200 banknote",0,0,
"austrailian 500 banknote",0,0,
"austrailian notes",0,0,
"austrailian paper moey",0,0,
"australai notes are best reddit",0,0,
"australain banknote 20",0,0,
"australain bills",0,0,
"australain currency wiki",0,0,
"australain notes",0,0,
"australan dolla note",0,0,
"australia 00 dollars notes",0,0,
"australia 100 banknotes for sale",0,0,
"australia 100 dolllar new banknote",0,0,
"australia 100 note ban",0,0,
"australia 1989 note photo",0,0,
"australia 2 banknote redesign",0,0,
"australia 500 rupee notes",0,0,
"australia all new money",0,0,
"australia bank note poem",0,0,
"australia bank note security check",0,0,
"australia bank note typo",0,0,
"australia bank notes 2018",0,0,
"australia bank notes amazon",0,0,
"australia bank notes bi 17",0,0,
"australia bank notes faces",0,0,
"australia bank notes safety",0,0,
"australia bank notes vegan",0,0,
"australia banknote typo",0,0,
"australia banknote typo bloomberg",0,0,
"australia banknote value",0,0,
"australia banknotes 100",0,0,
"australia banknotes for sale",0,0,
"australia banknotes prices",0,0,
"australia banknotes reddit",0,0,
"australia banknotes third gen",0,0,
"australia banknoty",0,0,
"australia bb 50 banknotes value",0,0,
"australia bb banknotes value",0,0,
"australia bill notes",0,0,
"australia cash bills",0,0,
"australia cash dimensions",0,0,
"australia cash notes",0,0,
"australia cash paper",0,0,
"australia clean bank notes",0,0,
"australia coutning money notes",0,0,
"australia cureency notes",0,0,
"australia currancy wiki",0,0,
"australia currency 2016",0,0,
"australia currency bills",0,0,
"australia currency notes and coins",0,0,
"australia currency notes largest denomination",0,0,
"australia days of notes",0,0,
"australia decimal banknote",0,0,
"australia dollar bank notes",0,0,
"australia dollar banknotes",0,0,
"australia dollar notes size",0,0,
"australia dollars note soak in water",0,0,
"australia fourth sereies banknotes",0,0,
"australia fourth series banknotes",0,0,
"australia highest note",0,0,
"australia how to tell fake notes",0,0,
"australia legal tender notes",0,0,
"australia million dollar note",0,0,
"australia mine buy uncut notes",0,0,
"australia money 5ound worth",0,0,
"australia money chart",0,0,
"australia money denominations",0,0,
"australia money in order of value",0,0,
"australia money note",0,0,
"australia money type",0,0,
"australia money used",0,0,
"australia new bank notes",0,0,
"australia new banknotes 2019 uv light",0,0,
"australia new bb 50 banknotes value",0,0,
"australia new cash notes",0,0,
"australia news banknotes",0,0,
"australia next generation banknotes",0,0,
"australia note 1",0,0,
"australia note circulation popularity",0,0,
"australia note circulation proportion",0,0,
"australia note denominations",0,0,
"australia note dimensions",0,0,
"australia note divider",0,0,
"australia note image",0,0,
"australia note size",0,0,
"australia notes as cash",0,0,
"australia notes cash divider",0,0,
"australia notes divider",0,0,
"australia notes fake",0,0,
"australia notes identifucation",0,0,
"australia old banknotes",0,0,
"australia old banknotes teller",0,0,
"australia one hundred dollar banknote",0,0,
"australia paper banknotes",0,0,
"australia paper banknotes teller",0,0,
"australia paper currency change",0,0,
"australia paper money worn",0,0,
"australia paper note",0,0,
"australia paper note sell",0,0,
"australia phasing out old bank notes",0,0,
"australia post next generation banknote",0,0,
"australia pre decimal banknotes",0,0,
"australia previous money bills",0,0,
"australia printed english 50pound notes",0,0,
"australia purple note",0,0,
"australia remove 50 and 100 notes",0,0,
"australia s first bank notes",0,0,
"australia should banknotes",0,0,
"australia should banknotes signatures",0,0,
"australia unc notes",0,0,
"australia updated banknotes",0,0,
"australia updated notes",0,0,
"australia's banknotes rba banknoteshttps banknotes.rba.gov.au australias",0,0,
"australia's current money",0,0,
"australia's new money",0,0,
"australia's very first note",0,0,
"australiah banknotes security features",0,0,
"australiaindividual 2003 notes",0,0,
"australiam cureency notes",0,0,
"australian 0 dollar note",0,0,
"australian 1 banknotes value",0,0,
"australian 1 dollar banknotes",0,0,
"australian 1 new notes bundle for sale",0,0,
"australian 1 note bundle",0,0,
"australian 1 note date",0,0,
"australian 1 note dnk",0,0,
"australian 1 note ebay",0,0,
"australian 1 note history",0,0,
"australian 1.00 notes commonwealth of australia",0,0,
"australian 100 banknote 2018",0,0,
"australian 100 banknotes fraser johnston",0,0,
"australian 1966 notes",0,0,
"australian 20 notes no longer in circulation",0,0,
"australian 41200 note",0,0,
"australian 45 note",0,0,
"australian 5 banknote watermark",0,0,
"australian 50 bank note aa96607219",0,0,
"australian 50 bank note typo",0,0,
"australian 50 banknote 2018",0,0,
"australian 50 banknote aa96607219",0,0,
"australian 50 banknote australian notes",0,0,
"australian 50 banknote information",0,0,
"australian 50 note with small blue symbol reads jt38 l",0,0,
"australian 500 banknote",0,0,
"australian 9500 in cash",0,0,
"australian aa 99 50 note",0,0,
"australian abnknotes",0,0,
"australian accidental banknotes peake",0,0,
"australian asthetical money",0,0,
"australian backnotes",0,0,
"australian bank bills",0,0,
"australian bank new notes",0,0,
"australian bank note 2",0,0,
"australian bank note and coin guide",0,0,
"australian bank note id",0,0,
"australian bank note nicknames",0,0,
"australian bank note pattern",0,0,
"australian bank note pictures",0,0,
"australian bank note size",0,0,
"australian bank note sizes",0,0,
"australian bank note types",0,0,
"australian bank note verse",0,0,
"australian bank note vslue",0,0,
"australian bank notes 1932",0,0,
"australian bank notes 2018",0,0,
"australian bank notes 2021",0,0,
"australian bank notes 2023",0,0,
"australian bank notes are legal tender under",0,0,
"australian bank notes are legal tender under:",0,0,
"australian bank notes buyers",0,0,
"australian bank notes check",0,0,
"australian bank notes composition",0,0,
"australian bank notes famous people",0,0,
"australian bank notes history",0,0,
"australian bank notes information",0,0,
"australian bank notes ingredients",0,0,
"australian bank notes material",0,0,
"australian bank notes naf",0,0,
"australian bank notes not vegan",0,0,
"australian bank notes phased out",0,0,
"australian bank notes png",0,0,
"australian bank notes queen",0,0,
"australian bank notes slang",0,0,
"australian bank notes supply",0,0,
"australian bank notes wiki",0,0,
"australian bank notes with letters",0,0,
"australian bank notes year of issue",0,0,
"australian bank notes.png",0,0,
"australian bankbill",0,0,
"australian banking sheet for rcounting note and coins",0,0,
"australian banking tally sheet for counting notes and coins",0,0,
"australian banknot",0,0,
"australian banknote 20",0,0,
"australian banknote 24k",0,0,
"australian banknote 50 1914",0,0,
"australian banknote auctions",0,0,
"australian banknote band",0,0,
"australian banknote blog",0,0,
"australian banknote burn animation",0,0,
"australian banknote clear window",0,0,
"australian banknote colours",0,0,
"australian banknote decimal values",0,0,
"australian banknote denominations",0,0,
"australian banknote dimensions",0,0,
"australian banknote dollar note with a4 printed on side 2013",0,0,
"australian banknote features",0,0,
"australian banknote first last folder",0,0,
"australian banknote folder",0,0,
"australian banknote font",0,0,
"australian banknote forum",0,0,
"australian banknote guide sale price",0,0,
"australian banknote holder",0,0,
"australian banknote holder page",0,0,
"australian banknote identifier for blind",0,0,
"australian banknote images",0,0,
"australian banknote information",0,0,
"australian banknote microtext",0,0,
"australian banknote misspelling",0,0,
"australian banknote nickname",0,0,
"australian banknote nicknames",0,0,
"australian banknote people",0,0,
"australian banknote print error a4",0,0,
"australian banknote redesign",0,0,
"australian banknote shorter",0,0,
"australian banknote size",0,0,
"australian banknote sizes",0,0,
"australian banknote timeline",0,0,
"australian banknote value",0,0,
"australian banknote values today",0,0,
"australian banknote vs uk banknote",0,0,
"australian banknote wallet",0,0,
"australian banknote with chinese",0,0,
"australian banknote wrapper",0,0,
"australian banknotes 1966",0,0,
"australian banknotes 1980s",0,0,
"australian banknotes 2016",0,0,
"australian banknotes 2017",0,0,
"australian banknotes 2018",0,0,
"australian banknotes 2018 20",0,0,
"australian banknotes 2019",0,0,
"australian banknotes 2020",0,0,
"australian banknotes 2021",0,0,
"australian banknotes 2022",0,0,
"australian banknotes 2023",0,0,
"australian banknotes 2024",0,0,
"australian banknotes 3x $1 notes 27832104",0,0,
"australian banknotes auction",0,0,
"australian banknotes buy",0,0,
"australian banknotes check",0,0,
"australian banknotes collection",0,0,
"australian banknotes collectors",0,0,
"australian banknotes commonwealth of australia",0,0,
"australian banknotes composition",0,0,
"australian banknotes contain tallow",0,0,
"australian banknotes description",0,0,
"australian banknotes design",0,0,
"australian banknotes dm 97",0,0,
"australian banknotes dm 97 test banknote",0,0,
"australian banknotes exercises",0,0,
"australian banknotes fauna",0,0,
"australian banknotes fluorescent writing",0,0,
"australian banknotes flurescent writing",0,0,
"australian banknotes generations",0,0,
"australian banknotes golden tribute collection",0,0,
"australian banknotes gumtree",0,0,
"australian banknotes hidden",0,0,
"australian banknotes highest paid for",0,0,
"australian banknotes kangaroo",0,0,
"australian banknotes masterpieces set",0,0,
"australian banknotes naf",0,0,
"australian banknotes names",0,0,
"australian banknotes new design",0,0,
"australian banknotes nicknames",0,0,
"australian banknotes on ebay",0,0,
"australian banknotes pineapple",0,0,
"australian banknotes rba",0,0,
"australian banknotes security features",0,0,
"australian banknotes signatures",0,0,
"australian banknotes size",0,0,
"australian banknotes slang",0,0,
"australian banknotes specimen notes",0,0,
"australian banknotes supply otger countries",0,0,
"australian banknotes supply other countries",0,0,
"australian banknotes tallow",0,0,
"australian banknotes typo",0,0,
"australian banknotes value check",0,0,
"australian banknotes vector",0,0,
"australian banknotes vegan",0,0,
"australian banknotes wiki",0,0,
"australian banknotes wikipedia",0,0,
"australian banknotes worksheet",0,0,
"australian banknotes year",0,0,
"australian bill currency",0,0,
"australian bill dimensions",0,0,
"australian bills same size as us",0,0,
"australian capital notes",0,0,
"australian cash dimensions",0,0,
"australian cash notes blind features",0,0,
"australian cash security features",0,0,
"australian celebrity banknotes",0,0,
"australian central bank deal on notes",0,0,
"australian coin and banknotes",0,0,
"australian coin and notes descriptions",0,0,
"australian coins & banknotes pdf",0,0,
"australian coins and banknotes pdf",0,0,
"australian coins and banknotesgreg mcdonald 1985",0,0,
"australian coins and notes images",0,0,
"australian coins and notes pdf",0,0,
"australian coins and notes worksheet",0,0,
"australian colonial banknote",0,0,
"australian colonial banknote promissory note",0,0,
"australian commemorative banknotes",0,0,
"australian commonwealth banknotes",0,0,
"australian commonwealth notes",0,0,
"australian commonwealth of australia banknotes online australia",0,0,
"australian counting money notes",0,0,
"australian currency 1950",0,0,
"australian currency 2016 2",0,0,
"australian currency 2019 05 12",0,0,
"australian currency all",0,0,
"australian currency and blind people",0,0,
"australian currency changed becuase of counfeiter",0,0,
"australian currency clear window",0,0,
"australian currency clear wwindow",0,0,
"australian currency current in circulation",0,0,
"australian currency denomination",0,0,
"australian currency details",0,0,
"australian currency dimentions",0,0,
"australian currency information for kids",0,0,
"australian currency instance",0,0,
"australian currency latest denominations",0,0,
"australian currency name vote",0,0,
"australian currency names",0,0,
"australian currency notes bid",0,0,
"australian currency notes design",0,0,
"australian currency notes money meaning",0,0,
"australian currency notes nicknames",0,0,
"australian currency notes people depicted",0,0,
"australian currency notes sizes",0,0,
"australian currency notes slang",0,0,
"australian currency notes thickness",0,0,
"australian currency paper notes value",0,0,
"australian currency site en.wikipedia.org",0,0,
"australian currency size",0,0,
"australian currency supply",0,0,
"australian currency this note is legal tender throughout",0,0,
"australian currency training notes",0,0,
"australian currency uv wavelength",0,0,
"australian currency.",0,0,
"australian currencynew",0,0,
"australian current banknotes",0,0,
"australian curruncy",0,0,
"australian curved dollar note",0,0,
"australian decimal banknotes ebay",0,0,
"australian decimal banknotes for sale",0,0,
"australian decimal currency notes",0,0,
"australian decimal paper notes",0,0,
"australian decimal paper notes circulated price",0,0,
"australian decimal star replacement banknotes",0,0,
"australian denomination money",0,0,
"australian denomination notes",0,0,
"australian denomination of money",0,0,
"australian dm 97 test banknote",0,0,
"australian dolar notes",0,0,
"australian dollar bank notes",0,0,
"australian dollar banknote value",0,0,
"australian dollar banknotes and coins",0,0,
"australian dollar bills burning",0,0,
"australian dollar bills flushing",0,0,
"australian dollar bills names",0,0,
"australian dollar bills of exchange",0,0,
"australian dollar currency denominations",0,0,
"australian dollar currency notes",0,0,
"australian dollar fiat money",0,0,
"australian dollar maximum note",0,0,
"australian dollar new banknotes",0,0,
"australian dollar noet",0,0,
"australian dollar note 3d",0,0,
"australian dollar note costume",0,0,
"australian dollar note crease",0,0,
"australian dollar note funny",0,0,
"australian dollar note gif",0,0,
"australian dollar note nicknames",0,0,
"australian dollar note security features",0,0,
"australian dollar notes backround",0,0,
"australian dollar notes bent",0,0,
"australian dollar notes denominations",0,0,
"australian dollar notes design",0,0,
"australian dollar notes for sale",0,0,
"australian dollar notes history",0,0,
"australian dollar notes in circulation",0,0,
"australian dollar notes in clothes",0,0,
"australian dollar notes ingredients",0,0,
"australian dollar notes james cook",0,0,
"australian dollar notes nicknames",0,0,
"australian dollar notes pics",0,0,
"australian dollar notes rolled up",0,0,
"australian dollar notes wiki",0,0,
"australian dollar notes wikipedia",0,0,
"australian dollar notes with aa ebay",0,0,
"australian dollar paper",0,0,
"australian dollar paper money",0,0,
"australian dollars banknotes",0,0,
"australian dollars bills",0,0,
"australian dollars denominations",0,0,
"australian dollars in circulation",0,0,
"australian doolar note",0,0,
"australian fake notes",0,0,
"australian federal reserve note",0,0,
"australian fruit money notes",0,0,
"australian genuine 100 banknote",0,0,
"australian genuine banknote",0,0,
"australian genuiue bank note",0,0,
"australian gold foil banknotes",0,0,
"australian gold foil notes",0,0,
"australian gold note",0,0,
"australian gold plated banknotes",0,0,
"australian government banknotes",0,0,
"australian green notes",0,0,
"australian highest currency note",0,0,
"australian joke money notes",0,0,
"australian largest denomination bill",0,0,
"australian legal tender paper money",0,0,
"australian mint bank notes",0,0,
"australian mint banknotes sell",0,0,
"australian misprinted banknotes",0,0,
"australian money 100's",0,0,
"australian money 11.7 cm x 6.86 cm",0,0,
"australian money 11.7cm x 6.86cm",0,0,
"australian money 1915",0,0,
"australian money 1950's",0,0,
"australian money 1950s",0,0,
"australian money 2",0,0,
"australian money 2018",0,0,
"australian money all new notes",0,0,
"australian money all notes and coins",0,0,
"australian money and dollar notes",0,0,
"australian money bag denominations",0,0,
"australian money bank",0,0,
"australian money bckground",0,0,
"australian money black and white",0,0,
"australian money booklet",0,0,
"australian money booklets",0,0,
"australian money border",0,0,
"australian money coins and notes table",0,0,
"australian money colour",0,0,
"australian money equivalence anchor chart",0,0,
"australian money evolution",0,0,
"australian money exact measurements",0,0,
"australian money exact size",0,0,
"australian money facts for kids",0,0,
"australian money fan",0,0,
"australian money ho is on the notes info for kids",0,0,
"australian money hologram",0,0,
"australian money i have who has",0,0,
"australian money in 1770",0,0,
"australian money in 1900s",0,0,
"australian money in a bag oof 50",0,0,
"australian money in notes",0,0,
"australian money largest note",0,0,
"australian money million dollar note",0,0,
"australian money names",0,0,
"australian money new 20",0,0,
"australian money note clipart",0,0,
"australian money note colours",0,0,
"australian money note counter",0,0,
"australian money note origami",0,0,
"australian money notepads",0,0,
"australian money notes 1940",0,0,
"australian money notes 1966",0,0,
"australian money notes 20",0,0,
"australian money notes 200",0,0,
"australian money notes backgrounds",0,0,
"australian money notes clipart",0,0,
"australian money notes clipart 20",0,0,
"australian money notes coins",0,0,
"australian money notes colour in",0,0,
"australian money notes colouring",0,0,
"australian money notes for kids",0,0,
"australian money notes front and back",0,0,
"australian money notes funny",0,0,
"australian money notes history",0,0,
"australian money notes ingredients",0,0,
"australian money notes nicknames",0,0,
"australian money notes old",0,0,
"australian money notes pdf",0,0,
"australian money notes slang",0,0,
"australian money notes template",0,0,
"australian money notes value",0,0,
"australian money notes worksheet",0,0,
"australian money notes worth money",0,0,
"australian money notes youtube",0,0,
"australian money noyte",0,0,
"australian money over time",0,0,
"australian money people on notes",0,0,
"australian money person",0,0,
"australian money place value",0,0,
"australian money purple",0,0,
"australian money recognition",0,0,
"australian money security",0,0,
"australian money security features photocopy",0,0,
"australian money showing 1",0,0,
"australian money single notes",0,0,
"australian money stop being paper",0,0,
"australian money who is on the notes info for kids",0,0,
"australian money whos on it",0,0,
"australian money with wings",0,0,
"australian moneybackground",0,0,
"australian most valuable banknote",0,0,
"australian naew notes",0,0,
"australian new banknote fluorescent pictures",0,0,
"australian new money bills",0,0,
"australian new money design cost",0,0,
"australian new note animal fat",0,0,
"australian new notes in bundle",0,0,
"australian nickname for money note oyster",0,0,
"australian note art",0,0,
"australian note band",0,0,
"australian note calculator",0,0,
"australian note clear window",0,0,
"australian note colours",0,0,
"australian note counter money",0,0,
"australian note currency",0,0,
"australian note currency calculator",0,0,
"australian note denominations",0,0,
"australian note detector",0,0,
"australian note dimensions",0,0,
"australian note foldede into heart",0,0,
"australian note founter",0,0,
"australian note generator",0,0,
"australian note gif",0,0,
"australian note gj97576378",0,0,
"australian note hologram",0,0,
"australian note maretking",0,0,
"australian note material",0,0,
"australian note money box",0,0,
"australian note money tin dimensions",0,0,
"australian note money tin how to get out",0,0,
"australian note nickname",0,0,
"australian note people",0,0,
"australian note rolled up coke",0,0,
"australian note safety features",0,0,
"australian note security features",0,0,
"australian note size",0,0,
"australian note slang names",0,0,
"australian note sorter",0,0,
"australian note specimen",0,0,
"australian note tricks therory",0,0,
"australian note typo",0,0,
"australian note under uv",0,0,
"australian note value sight",0,0,
"australian note vintagecalculator",0,0,
"australian note wallet",0,0,
"australian note who is on",0,0,
"australian note wiki",0,0,
"australian note worth",0,0,
"australian note wrapper",0,0,
"australian notes about",0,0,
"australian notes accurate sizes in proportion to each other",0,0,
"australian notes activities",0,0,
"australian notes activity",0,0,
"australian notes and coins pdf",0,0,
"australian notes and coins worksheet",0,0,
"australian notes and value",0,0,
"australian notes animal fat",0,0,
"australian notes asterisk",0,0,
"australian notes back and front",0,0,
"australian notes best looking",0,0,
"australian notes bingo",0,0,
"australian notes black and white",0,0,
"australian notes blind",0,0,
"australian notes blm",0,0,
"australian notes bundes",0,0,
"australian notes bundle",0,0,
"australian notes bundles cash",0,0,
"australian notes checker",0,0,
"australian notes colour",0,0,
"australian notes describtion",0,0,
"australian notes description",0,0,
"australian notes descriptions",0,0,
"australian notes dimensions",0,0,
"australian notes exact size",0,0,
"australian notes features",0,0,
"australian notes for kids",0,0,
"australian notes game",0,0,
"australian notes ideas",0,0,
"australian notes images figues",0,0,
"australian notes impose",0,0,
"australian notes in circulation",0,0,
"australian notes interactive",0,0,
"australian notes john",0,0,
"australian notes kids",0,0,
"australian notes made",0,0,
"australian notes made with",0,0,
"australian notes magnified",0,0,
"australian notes meanings",0,0,
"australian notes melt",0,0,
"australian notes money show things in future",0,0,
"australian notes nicknames",0,0,
"australian notes old",0,0,
"australian notes on issue",0,0,
"australian notes pdf",0,0,
"australian notes png",0,0,
"australian notes problems",0,0,
"australian notes same size as america",0,0,
"australian notes short end",0,0,
"australian notes sizes",0,0,
"australian notes slang",0,0,
"australian notes sorting activity",0,0,
"australian notes spelling mistake",0,0,
"australian notes ugly",0,0,
"australian notes uv",0,0,
"australian notes valye",0,0,
"australian notes which is cut at end",0,0,
"australian notes wiki",0,0,
"australian notes wordpress",0,0,
"australian notes wrapper",0,0,
"australian notes youtube",0,0,
"australian notes.png",0,0,
"australian notes.wordpress",0,0,
"australian notescollection",0,0,
"australian notez",0,0,
"australian old notes for sale",0,0,
"australian on banknote",0,0,
"australian one dollar paper note",0,0,
"australian one pound bank note",0,0,
"australian one pound banknote",0,0,
"australian one-hundred-dollar note material used",0,0,
"australian onehundreddollar note material used",0,0,
"australian paper 100 dollar bills",0,0,
"australian paper 100 notes",0,0,
"australian paper bank 100 note",0,0,
"australian paper bank note",0,0,
"australian paper banknote",0,0,
"australian paper banknote 1966",0,0,
"australian paper banknote folder",0,0,
"australian paper banknote values",0,0,
"australian paper banknotes faces",0,0,
"australian paper banknotes for sale",0,0,
"australian paper currency change",0,0,
"australian paper currency value",0,0,
"australian paper decimal banknotes",0,0,
"australian paper decimal notes",0,0,
"australian paper dollar",0,0,
"australian paper dollar notes",0,0,
"australian paper money collectors",0,0,
"australian paper money ebay",0,0,
"australian paper money history",0,0,
"australian paper money images",0,0,
"australian paper money still legal tender",0,0,
"australian paper money used",0,0,
"australian paper money was cotton",0,0,
"australian paper money worth",0,0,
"australian paper note collection",0,0,
"australian paper notes legal tender",0,0,
"australian paper notes length",0,0,
"australian paper notes worth anything",0,0,
"australian paper notes worth money",0,0,
"australian paper notes worth money 2",0,0,
"australian paper one hundred dollar note",0,0,
"australian papere banknote folder",0,0,
"australian past bank notes",0,0,
"australian pineapple note",0,0,
"australian polymer banknote values",0,0,
"australian pound banknotes",0,0,
"australian pound notes 1950s",0,0,
"australian ppl notes",0,0,
"australian pre banknotes",0,0,
"australian pre decimal bank notes",0,0,
"australian pre decimal banknotes value",0,0,
"australian pre federation banknotes",0,0,
"australian pre-decimal bank notes for sale",0,0,
"australian pre-decimal banknotes",0,0,
"australian pre-federation banknotes",0,0,
"australian predecimal bank notes for sale",0,0,
"australian predecimal banknotes",0,0,
"australian prefederation banknotes",0,0,
"australian prefix notes",0,0,
"australian prefix paper notes",0,0,
"australian purple note",0,0,
"australian purple note value",0,0,
"australian purple notes",0,0,
"australian red bank note",0,0,
"australian royal banknote",0,0,
"australian safest bank note",0,0,
"australian see through money",0,0,
"australian slang for notes",0,0,
"australian specimen banknotes",0,0,
"australian specimen note",0,0,
"australian valuable banknotes types",0,0,
"australian vs american note size",0,0,
"australian writng currency",0,0,
"australian zero dollar note",0,0,
"australian.notes",0,0,
"australianbanknotes net",0,0,
"australiannotes",0,0,
"australiannotes wordpress",0,0,
"australiannotes.wordpress",0,0,
"australianold notes",0,0,
"australians currency",0,0,
"australians on our bank notes",0,0,
"australias banknotes rba banknoteshttps banknotes rba gov au australias",0,0,
"australias banknotes rba banknoteshttps banknotes.rba.gov.au australias",0,0,
"australias current money",0,0,
"australias first notes",0,0,
"australias highest banknote",0,0,
"australias largest denomination bank note",0,0,
"australias new money",0,0,
"australias note security features",0,0,
"australias very first note",0,0,
"australien banknoten",0,0,
"australin bank notes",0,0,
"australin new money",0,0,
"australina bank notes",0,0,
"australina paper 100 note",0,0,
"australina proof notes",0,0,
"australische dollarnote",0,0,
"australlian notes",0,0,
"australoan dollar notes",0,0,
"australske bankovky",0,0,
"australske pengesedler",0,0,
"austrapian money nicknames",0,0,
"austraqlian money identication",0,0,
"austrilasin new notes",0,0,
"austrlaia largest notes",0,0,
"austrlaia paper monmey",0,0,
"austrlaian banknote features",0,0,
"austrlaian note",0,0,
"austrlia doolar notes",0,0,
"austrlia note",0,0,
"austrlian banknotes",0,0,
"austrlias very first note",0,0,
"austrslia currency notes in dictatorship hands",0,0,
"austrslia indian money notes",0,0,
"austrslia notes in dictatorship",0,0,
"austrslia notes in dictatorship hands",0,0,
"austyralian note catagglo value",0,0,
"ausyralian currency features",0,0,
"ausyraluan notes inages",0,0,
"authenticating australian dollars",0,0,
"autralian banknotes",0,0,
"autralian note money images",0,0,
"autralin banknote history",0,0,
"autralin banknote timeline",0,0,
"avustralya doları banknotları",0,0,
"aystralian 1 note",0,0,
"aystralian money notes fading",0,0,
"aáutralia note 1",0,0,
"bag of 100 australian notes",0,0,
"bali notes australia",0,0,
"banconota australiana",0,0,
"bank bag denominations australia",0,0,
"bank nites of australia with aboriginal people on it",0,0,
"bank note blue ink australia",0,0,
"bank note commonwealth of australia",0,0,
"bank note of australia",0,0,
"bank notes australia for sale",0,0,
"bank notes australia pre mettric",0,0,
"bank notes commonwealth bank",0,0,
"bank notes commonwealth of australia",0,0,
"bank notes for sale australia",0,0,
"bank notes in early aaustralia",0,0,
"bank notes lettered australian",0,0,
"bank notes lettered australian the age",0,0,
"bank notes of the au dollar",0,0,
"bank notes rba gov au",0,0,
"bank notes with commonwealth of austrlia on",0,0,
"bank of america banknotes australia",0,0,
"bank of australia 50",0,0,
"bankbiljetten australie",0,0,
"banknote auction australia",0,0,
"banknote aussie",0,0,
"banknote checker australia",0,0,
"banknote forgery australia",0,0,
"banknote forum australia",0,0,
"banknote news australia",0,0,
"banknotes australai",0,0,
"banknotes australia brisbane",0,0,
"banknotes australia commercial banking company of australia early 1900s",0,0,
"banknotes australia value",0,0,
"banknotes australian dollar",0,0,
"banknotes australian dollar wikipedia",0,0,
"banknotes dealers in australia",0,0,
"banknotes in circulation australia",0,0,
"banknotes of the australian pound",0,0,
"banknotes rba gov au",0,0,
"banknotes rba gov au australiasbankno australias banknotes rba banknotes",0,0,
"banknotes.rba.gov.au australias-bankno australia's banknotes rba banknotes",0,0,
"banknotes.rba.gov.au australiasbankno australias banknotes rba banknotes",0,0,
"banknotesaussie",0,0,
"banning notes in australia",0,0,
"baqnk note australia",0,0,
"beef product in australian bank notes",0,0,
"been to be banned on australian notes",0,0,
"bending australian currency",0,0,
"best notes australia",0,0,
"best place to buy old australian paper bank notes",0,0,
"biggest australian bank note",0,0,
"biggest australian note dollar",0,0,
"biggest australian notes",0,0,
"biggest money note australia",0,0,
"billets de banque australiens",0,0,
"blacklight on australian bills",0,0,
"blue australian banknote crossword",0,0,
"blue australian banknote slang",0,0,
"blue australian dollar note",0,0,
"blue australuan banknote crossword",0,0,
"bundle of 100 australian notes",0,0,
"bundle of australian notes",0,0,
"buy australian banknotes brisbane",0,0,
"buy australian banknotes online australia",0,0,
"buy australian paper money",0,0,
"buy banknotes australia",0,0,
"buy commonweath of australia notes online australia",0,0,
"buy fake australian notes",0,0,
"buy need australia same looks duplicate note",0,0,
"buy new australian notes",0,0,
"buy uncirculated australian notes",0,0,
"buying currency notes in australia",0,0,
"ca australia notes",0,0,
"calculating australian notes and coins",0,0,
"calculating with australian notes and coins",0,0,
"calculting australian notes and coins",0,0,
"can australian banknotes be used in advertising",0,0,
"can australian currency be froen",0,0,
"can australian notes be forged",0,0,
"can i sell australian bank notes",0,0,
"can u withdraw 100 notes bank australia",0,0,
"can you bank a foreign note at an australian bank",0,0,
"can you cash australian 1 dollar notes",0,0,
"can you get australian bank note larger than 100",0,0,
"can you get new 20 notes from banks in australia",0,0,
"can you spend commemorative australian notes",0,0,
"can you still cash in old australian pound notes",0,0,
"can you still change old paper australian notes",0,0,
"can you still exchange old australian notes",0,0,
"can you still use old australian money",0,0,
"can you use australian paper notes",0,0,
"cash keyrin for australian notes",0,0,
"cash notes australia fake",0,0,
"central bank of australia banknotes",0,0,
"change 500 euro note australia",0,0,
"change australian coins to notes",0,0,
"changed banknotes from commonwealth of australia to australia",0,0,
"changing old australian banknotes",0,0,
"chartered bank australia china banknote",0,0,
"cheap australian notes",0,0,
"check note authenticity site reddit com r australia",0,0,
"check note authenticity site reddit.com r australia",0,0,
"classic aussie notes",0,0,
"clean australian notes",0,0,
"clear window australian banknote",0,0,
"clear window in australian notes",0,0,
"clearly more secure banknotes australia",0,0,
"close up image of australian money",0,0,
"closest paper to australian 50 dollar bill",0,0,
"code on an au bank note",0,0,
"coin change to notes in australia",0,0,
"coins and notes australia stimulus",0,0,
"coins and notes from australia",0,0,
"coins and notes in australia",0,0,
"coins and notes worksheets australia",0,0,
"collectable australian banknotes",0,0,
"collectable banknotes aust",0,0,
"collectible australian banknotes",0,0,
"collectibles australia banknote",0,0,
"colonial australian banknotes",0,0,
"colouring in australian bank notes",0,0,
"colouring in australian banknotes",0,0,
"colouring in australian currency",0,0,
"colouring in australian money",0,0,
"colouring pics australian money notes",0,0,
"colours and scenes on australian banknotes",0,0,
"colours on australian currency notes",0,0,
"commercial bank notes australia",0,0,
"common bank note in australia",0,0,
"commonwealth bank converting us dollar notes to australian dollars",0,0,
"commonwealth banknotes",0,0,
"commonwealth of australia 1 note",0,0,
"commonwealth of australia 5 pound bond 056088",0,0,
"commonwealth of australia bamk notes",0,0,
"commonwealth of australia banknote",0,0,
"commonwealth of australia banknotes online australia",0,0,
"commonwealth of australia money",0,0,
"commonwealth of australia notes online australia",0,0,
"commonwealth of australia old notes",0,0,
"commonwealth of australian decimal banknotes",0,0,
"commonwealth ofaustralia bank notes value",0,0,
"commonweath of australia notes online australia",0,0,
"compare old australian notes to new",0,0,
"controversial banknotes australia",0,0,
"controversial banknotes australia figure",0,0,
"coombs wilson star 2 australian bank note",0,0,
"cost of australian bank notes and coins",0,0,
"counterfit 20 australian notes",0,0,
"counting australian notes for the bank",0,0,
"cqj179861 1 note australia",0,0,
"create an australian dollar note",0,0,
"csiro banknotes",0,0,
"currancy in australia 1850s",0,0,
"currency 1 notes removed australia",0,0,
"currency 1971 australia notes",0,0,
"currency australia notes",0,0,
"currency denominations in australia",0,0,
"currency details of australia",0,0,
"currency in australia 2016",0,0,
"currency in australia name",0,0,
"currency in australia tourism australiatourism australia",0,0,
"currency in australian",0,0,
"currency in circulation australia",0,0,
"currency note of australia",0,0,
"currency notes australia",0,0,
"currency of australia 2016",0,0,
"currensy in australia",0,0,
"current and previousaustralian banknotes",0,0,
"current australian bank notes",0,0,
"current australian coins and banknotes",0,0,
"current australian denomination",0,0,
"current currency in australia",0,0,
"cut up australian money",0,0,
"cómo son los billetes de australia",0,0,
"date of issue of australian bank notes",0,0,
"date on australian bills",0,0,
"dating australian banknotes",0,0,
"dealers in chinese banknotes australia",0,0,
"decimal australia bank notes",0,0,
"decimal banknotes australia",0,0,
"decimal currency banknotes",0,0,
"defaced australian notes funny",0,0,
"demisions of australians notes",0,0,
"demonitisation notes acceptable in australia",0,0,
"denomination of australian money",0,0,
"denominations of australian currency",0,0,
"deposit foreign bank notes in australia",0,0,
"describe australian money anchor chart",0,0,
"desings on australian notes",0,0,
"did australian currency contain promissory note details",0,0,
"diemensions of aus note",0,0,
"different names for australian money",0,0,
"different type of money in australia use",0,0,
"dimansion size of australia notes",0,0,
"dimensions of a 20 australian note thickness",0,0,
"dimensions of australian dollar bills",0,0,
"discontinued notes australia",0,0,
"discontinued notes australia 200",0,0,
"dkb553374 australian 1 note",0,0,
"do australian atms dispense 100 dollar bills",0,0,
"do australian bank notes expire",0,0,
"do australian banknotes contain tallow",0,0,
"do australian money notes have dates on them",0,0,
"do australian notes contain tallow",0,0,
"do australian notes have chips in it",0,0,
"do money exchange take 2 notes australia",0,0,
"does australia have a 1000 bank note",0,0,
"does australia have a thousand dollar notes separating",0,0,
"does australia make canada's money",0,0,
"does australian bank notes have animal products",0,0,
"does australian currency burn",0,0,
"does australian currency ever expire",0,0,
"does australian dollar notes contain tallow",0,0,
"does australian notes burn",0,0,
"does the austrailian teared notes",0,0,
"does the australian government insure bank notes",0,0,
"does the commonwealth bank take paper 5 1 notes stll",0,0,
"dollar australian bills",0,0,
"dollar notes australia in bunches",0,0,
"dollaro australiano banconote",0,0,
"dots on australia notes",0,0,
"drawing on money australia",0,0,
"drug remnants on australian money",0,0,
"durability of australian note",0,0,
"dye pack stained australian notes",0,0,
"early australian banknotes",0,0,
"ebay 1918 50 australia notes",0,0,
"ebay dollar 100 banknote australia unc for sale",0,0,
"ebay note tray for australian banknotes",0,0,
"error australian banknote",0,0,
"error australian notes",0,0,
"error bank note massive ink smudge print 50 australia",0,0,
"error in autsrailain banknote",0,0,
"euro notes in adelaide",0,0,
"every australian banknote",0,0,
"every one on australian money",0,0,
"evolution of australian notes",0,0,
"exchange 500rs note australia",0,0,
"exchange old aus notes",0,0,
"exchange old australian banknotes",0,0,
"exchange old banknotes australia",0,0,
"exchange scotish notes for australian dollars",0,0,
"exchanging old australian bank notes",0,0,
"exchanging old australian notes",0,0,
"face on australian notes",0,0,
"faces on australian currency notes",0,0,
"faces on old australian banknotes",0,0,
"facts about asutraliann money",0,0,
"facts about australian money notes",0,0,
"facts about money in australia",0,0,
"fake 100 australian notes",0,0,
"fake 50 australian banknotes",0,0,
"fake 50 notes australia chinese",0,0,
"fake 50 notes australia chinese writing",0,0,
"fake 50 notes found in west australia",0,0,
"fake australian bank notes",0,0,
"fake australian note",0,0,
"fake australian notes",0,0,
"fake bank notes australia",0,0,
"fake bank notes south australia",0,0,
"fake note australia warning notice",0,0,
"fake note identification australia",0,0,
"fakebanknotes found in south australai",0,0,
"falling australian coin and notes",0,0,
"fan of australian money",0,0,
"faux billets australiens de 50",0,0,
"features of an australian note",0,0,
"features of australia new bank notes",0,0,
"features of australian money",0,0,
"figures on australian currency",0,0,
"fire resistant currency australia",0,0,
"first 100 5 dollar bills printed australia",0,0,
"first aus bank note",0,0,
"first australian decimal currency notes",0,0,
"first to appear on an australian currency note",0,0,
"first woman to appear on an australian currency note",0,0,
"first women to appear on an australian currency note",0,0,
"flash money bills australian",0,0,
"flash paper money australian",0,0,
"flushing australian dollar bills",0,0,
"flying australian 20 notes",0,0,
"folded australian dollar",0,0,
"free australian note checker",0,0,
"free vector australian banknote",0,0,
"freemasonry on australian notes",0,0,
"front and back of australian notes",0,0,
"front of australian note",0,0,
"fun facts about australian money",0,0,
"fun facts about australian money for kids",0,0,
"fun facts about money australia",0,0,
"funny fake 5.00 notes australia",0,0,
"funny names for aussie notes",0,0,
"future australian bank notes",0,0,
"get bank notes in australian",0,0,
"ginnies australian money",0,0,
"girl on australian bank note",0,0,
"gj australian note",0,0,
"glowing money notes australia",0,0,
"gold 100 note australia 5ct",0,0,
"gold australian banknotes prices",0,0,
"gold australian note",0,0,
"gold australian notes",0,0,
"gold foil australian banknotes",0,0,
"gold plated australia 100 banknotes",0,0,
"gold plated australian notes",0,0,
"gorilla australian note",0,0,
"graph of australian bank notes in circulation",0,0,
"green australian money",0,0,
"gumtree australian banknotes",0,0,
"gumtree old australian notes",0,0,
"hand australia money",0,0,
"hand australian money",0,0,
"harambe australian banknote",0,0,
"has new australian money got animal fat in it",0,0,
"has new australian money got animal fat in it 2007",0,0,
"height of australia notes",0,0,
"height of australian notes",0,0,
"higest austrailian banknote",0,0,
"high denomination banknotes rba",0,0,
"highest amount paid for australian bank notes",0,0,
"highest amount paid for australian banknotes",0,0,
"highest australian banknote",0,0,
"highest australian cash note",0,0,
"highest denomination bank note in sustralia",0,0,
"highest denomination of australian currency",0,0,
"historic australian banknote with chinese",0,0,
"historical au banknotes frontal view",0,0,
"historical aud banknotes frontal view",0,0,
"historical graph of australian bank notes in circulation",0,0,
"history australian banknotes",0,0,
"history australian banknotes value",0,0,
"history australian paper banknotes value",0,0,
"history of australia's money",0,0,
"history of australian bank notes",0,0,
"history of australian banknotes",0,0,
"history of australian currency australian money aussie-info.comaussie-info.com",0,0,
"history of australian currency australian money aussieinfo comaussieinfo com",0,0,
"history of australian currency australian money aussieinfo.comaussieinfo.com",0,0,
"history of australian notes",0,0,
"history of bank notes australia timeline",0,0,
"history of the australian banknote",0,0,
"history of the person on australian money",0,0,
"hiw can i recognise face australian money",0,0,
"house made picture of australian notes",0,0,
"how big are australian notes in size",0,0,
"how can i detect a fake australian bank note",0,0,
"how do australian notes fate in a fireproof safe",0,0,
"how do i clean australian dollar",0,0,
"how do i tell the year on a australian banknote",0,0,
"how do i tell the year on old australian banknote",0,0,
"how do you preserve aus paper notes",0,0,
"how high would 10 000 in 50 australian notes be",0,0,
"how long are old 50 australan notes valid",0,0,
"how long is an australian note",0,0,
"how many australian banknotes existe",0,0,
"how many australian dollars are in circulation",0,0,
"how many australian dollars are there in circulation",0,0,
"how many australian dollars in circulation",0,0,
"how many bank notes are there in australia rba",0,0,
"how many notes in a band for banking australia",0,0,
"how many notes in a band for the bank australia",0,0,
"how many notes in a bundle australia",0,0,
"how many people are on australian notes",0,0,
"how mouch of an australian note is legal tender",0,0,
"how much are australian pound notes worth",0,0,
"how much are old australian banknotes worth",0,0,
"how much are paper 1.00 notes in australia",0,0,
"how much australian money is in circulation",0,0,
"how much does a aud 5 note weigh",0,0,
"how much does australian 5 dollar money weigh",0,0,
"how much does australian money cost",0,0,
"how much does it cost to make an.australian.bank note",0,0,
"how much does the bank bundle notes australia",0,0,
"how much does the bank bundle notes in australia",0,0,
"how much is 5 notes from australian bank",0,0,
"how much is australian money worth in countries",0,0,
"how much money is in circulation in australia 2022",0,0,
"how much one australian paper worth",0,0,
"how much to australian notes way",0,0,
"how much today is an australian dollar note",0,0,
"how old is australian notes",0,0,
"how recognize fake notes australia",0,0,
"how tall are australian notes",0,0,
"how thick are australian notes",0,0,
"how thick is an aussie banknote",0,0,
"how thick is australian money",0,0,
"how thick is one austrialn note",0,0,
"how thin is australian notes",0,0,
"how to bundle australia bank notes",0,0,
"how to bundle australia banknotes",0,0,
"how to buy small denominations of usd notes in australia",0,0,
"how to check 100 australian dollar real",0,0,
"how to check australia dollars are real",0,0,
"how to check australian currency",0,0,
"how to check australian currency with uv light",0,0,
"how to check fake notes australia",0,0,
"how to check for fake cash notes australian",0,0,
"how to check for fake notes in australia",0,0,
"how to check if a australian note is fake",0,0,
"how to check if australian cash is fake",0,0,
"how to clean australian banknotes",0,0,
"how to clean australian bills",0,0,
"how to clean australian notes",0,0,
"how to detect countefeit australian notes",0,0,
"how to display old currency notes australia",0,0,
"how to draw dolllar note austialia",0,0,
"how to exchange 2000 note in australia",0,0,
"how to flatten australian banknotes",0,0,
"how to flatting australian notes",0,0,
"how to fold patterns in australian money",0,0,
"how to get 20 notes from atm australia",0,0,
"how to get old australia paper money",0,0,
"how to get small denomination currency in australia",0,0,
"how to identify fake notes australia",0,0,
"how to identify false notes in australia",0,0,
"how to identify false notes in australia youtube",0,0,
"how to know when australian note were created",0,0,
"how to make australian money notes",0,0,
"how to make countafiet notes australian money",0,0,
"how to make origami out of australian money",0,0,
"how to reference an australian banknote",0,0,
"how to spot australian fake currency",0,0,
"how to spot fake australian currency",0,0,
"how to spot fake australian notes",0,0,
"how to spot fake australian notes retail guid",0,0,
"how to spot fake currency notes in australia",0,0,
"how to spot fake notes australia",0,0,
"how to spot inked notes australia",0,0,
"how to store old currency notes australia",0,0,
"how to surrender 500rs in australia",0,0,
"how to tell fake aussie notes",0,0,
"how to tell fake notes australia",0,0,
"how to tell if a australian note is fake",0,0,
"how to tell if australian notes are fake",0,0,
"how to tell what year australian bank notes are made",0,0,
"how to tell when an australian note was made",0,0,
"how to tell year of australian paper banknote",0,0,
"how to test if australia money is real",0,0,
"how to value aus decimal banknotes",0,0,
"how to work out the value of australian notes",0,0,
"how to write 85 dollars australian",0,0,
"how would you describe australia's currency system",0,0,
"hsb 636273 australian paper note missing",0,0,
"http www thebanknotevault com au",0,0,
"http www.thebanknotevault.com.au",0,0,
"https au.ixl.com math year3 countcoinsandnotesupto5dollarnote",0,0,
"https banknotes rba gov au australia's banknotes",0,0,
"https banknotes rba gov au australias australias banknotes rba banknotes",0,0,
"https banknotes rba gov au australias banknotes",0,0,
"https banknotes.rba.gov.au australias australia's banknotes rba banknotes",0,0,
"https banknotes.rba.gov.au australias australias banknotes rba banknotes",0,0,
"https en.m.wikipedia.org wiki bank banknotes of the australian dollar wikipedia",0,0,
"https www google cincorrect spelling on australian note",0,0,
"https www.google.cincorrect spelling on australian note",0,0,
"hundred dollar notes australia evolution",0,0,
"ideas for australian notes",0,0,
"identifies australian money",0,0,
"identify au conterfeit notes",0,0,
"identify australian bank note",0,0,
"identify features of australian money worksheet",0,0,
"identifying australian money",0,0,
"identifying australian notes and coins worksheet",0,0,
"identifying australian notes and coins worksheets",0,0,
"identifying features of australian notes and coins worksheet",0,0,
"identifying features ofaustralian notes and coins worksheet",0,0,
"images of australian coins and notes",0,0,
"images of australian pound notes",0,0,
"images of current australian coins and notes",0,0,
"images on australian notes",0,0,
"images on old paper australian notes",0,0,
"in australia currency includes",0,0,
"infomation about australian currency",0,0,
"inr 500 and inr 1000 notes in australia",0,0,
"interesting facts about australian currency",0,0,
"interesting facts about money in australia",0,0,
"interesting money facts australia",0,0,
"introduce the australian notes",0,0,
"investing in australian banknotes",0,0,
"is 100 note banned in australia",0,0,
"is a note supposed to fade after washing australian notes",0,0,
"is auatralian dollar notes made with cotton",0,0,
"is australian currency a promissory note",0,0,
"is australian currency firee safe",0,0,
"is australian money paper",0,0,
"is australian money printed on paper",0,0,
"is australian money the same as american",0,0,
"is australian money worth more than canadian money",0,0,
"is bank have aud 1 &2 notes",0,0,
"is it worthwhile collecting banknotes in australia",0,0,
"is old australian paper money worth anything",0,0,
"is the australian 5 note made of animal fat",0,0,
"is the new 50 australian bank note collectable",0,0,
"is the queen on all australian money",0,0,
"is the queen on australian notes",0,0,
"is there a 200 note in australia",0,0,
"is there a 5.00 1966 australian bank note",0,0,
"is there a 500 note in australia",0,0,
"is there pig fat in australian money notes",0,0,
"is yhere bacon on australian notes",0,0,
"issue date on australian dollars",0,0,
"japanese bancknotes to be used in occupying australia",0,0,
"johnathan australian banknote",0,0,
"jt48 stamp on australian notes",0,0,
"judgment australia banknote",0,0,
"key feature of australian banknote",0,0,
"largest australian banknote",0,0,
"largest bank note australia",0,0,
"largest currency note in australia",0,0,
"largest denomination in australia",0,0,
"laser new australian notes",0,0,
"last australian pound note backed by metal",0,0,
"last prefix on australia paper note",0,0,
"latest australian currency notes",0,0,
"latest australian money",0,0,
"lawful currency of australia",0,0,
"learn about australian currency",0,0,
"learn about australian money",0,0,
"legal tender australia notes",0,0,
"length of australian currency",0,0,
"length of australian notes",0,0,
"list australian currency features",0,0,
"list of all australian bank notes",0,0,
"list of all australian bank notes signatures",0,0,
"list of australian notes money",0,0,
"list the australian denominations of australian notes and coins",0,0,
"lowest denomiation of money in aus",0,0,
"macquarie mint australian decimal banknotes collection",0,0,
"magentic ink australian notes",0,0,
"make it rain australian notes",0,0,
"make your own banknote aus",0,0,
"malaya notes for sale in australia",0,0,
"mans face on australian bank note",0,0,
"maximum notes legal tender australia",0,0,
"measurement of australian bank note",0,0,
"mei australia note validator",0,0,
"mei bill acceptor australia notes",0,0,
"men on australian notes",0,0,
"microchip australian bank note",0,0,
"million dollar note australia clip art",0,0,
"millions of australian million dollar notes",0,0,
"mint australia notes",0,0,
"mispell in australian note",0,0,
"miss spelling australian note",0,0,
"misspeling word on australian note",0,0,
"misspellign of responsibilty on 50 australian bank note",0,0,
"misspelt australian note",0,0,
"modi denomination 500 australia news paper",0,0,
"money 1950 australian",0,0,
"money australia 1965",0,0,
"money australian 100",0,0,
"money australian notes falling",0,0,
"money bag denominations australia",0,0,
"money box australian note",0,0,
"money currencies of the world australia",0,0,
"money from 1 to 500 australian",0,0,
"money in australia currency",0,0,
"money note australia",0,0,
"money note australian",0,0,
"money notes astralia",0,0,
"money notes aus",0,0,
"money notes australia 20",0,0,
"money notes in australia",0,0,
"money tin australian note",0,0,
"money tin australian note dimensions",0,0,
"money tree ideas australian notes",0,0,
"most circulated australian note",0,0,
"most common australian banknote",0,0,
"most common australian banknote in circulation",0,0,
"most common australian note",0,0,
"most common bank note in circulation in australia",0,0,
"most common banknote aus",0,0,
"most common banknote in australia",0,0,
"most common banknote in circulation in australia",0,0,
"most expensive australian bank note",0,0,
"most popular australian bank note",0,0,
"most popular banknote in circulstion in australia",0,0,
"most valuable australian banknote",0,0,
"mr roberts decimal australian bank notes",0,0,
"my collectables australian banknotes online",0,0,
"nab banknotes",0,0,
"nab banknotes 3",0,0,
"name of australia money",0,0,
"names for australian notes",0,0,
"narodowy bank polski 50 worth in australia",0,0,
"natriss australian bank note",0,0,
"new 100 australia banknotes",0,0,
"new 100 australian banknote",0,0,
"new 100 australian banknotes",0,0,
"new 20 design australian banknote",0,0,
"new 20 note australia and how to pick a foregery",0,0,
"new 50 banknote aust",0,0,
"new 50 banknote australia",0,0,
"new astralian money",0,0,
"new au 20 banknote",0,0,
"new aus notes",0,0,
"new aussie banknotes 20",0,0,
"new australia banknotes",0,0,
"new australia note looks like canada",0,0,
"new australian 2019 banknotes 20",0,0,
"new australian 50 banknote",0,0,
"new australian 50 banknotes",0,0,
"new australian 50 bannkote",0,0,
"new australian 50 note has spelling mistake may 2019 e",0,0,
"new australian 50 note has spelling mistake may 2019e",0,0,
"new australian baknotes",0,0,
"new australian banknote designs",0,0,
"new australian banknotes 100",0,0,
"new australian banknotes 20",0,0,
"new australian banknotes 2014",0,0,
"new australian banknotes 2016",0,0,
"new australian banknotes 2017",0,0,
"new australian banknotes 2018",0,0,
"new australian banknotes collectables",0,0,
"new australian banknotes design",0,0,
"new australian banknotes pictures",0,0,
"new australian banknotes release date",0,0,
"new australian design notes",0,0,
"new australian dollar banknotes",0,0,
"new australian money 20",0,0,
"new australian money notes proof check",0,0,
"new australian notes for blind people",0,0,
"new australian notes money",0,0,
"new austrlian money security",0,0,
"new bank noted australia",0,0,
"new banknotes 2016 australia",0,0,
"new banknotes australia",0,0,
"new banknotes in australia",0,0,
"new money australian",0,0,
"new note australia old",0,0,
"new notes for aus currency",0,0,
"new notes for australia",0,0,
"new release australian notes",0,0,
"newest australian notes",0,0,
"news australian banknotes",0,0,
"next generation australian banknotes",0,0,
"nic names for austrailan bank notes",0,0,
"nickname for australian notes",0,0,
"nicknames for australian bank notes",0,0,
"nicknames for australian banknotes",0,0,
"nicknames for australian currency notes",0,0,
"notas australianas",0,0,
"note denomination in australia",0,0,
"note of money australian",0,0,
"noteaustralian notes",0,0,
"notepad on australian money",0,0,
"notes and coins aust signs",0,0,
"notes and coins australian worksheet",0,0,
"notes and coins in australia",0,0,
"notes and coins of australia",0,0,
"notes en australie",0,0,
"notes in circulation australia",0,0,
"notes money australia",0,0,
"notice fake australian note word file",0,0,
"nowe australijskie banknoty",0,0,
"number australian notes in circulation",0,0,
"numbers on australian bills",0,0,
"objects on the australian notes",0,0,
"odd symbols on australian banknotes",0,0,
"offset old 20 australian banknote",0,0,
"old 1 note australian money",0,0,
"old aud bank notes",0,0,
"old aus bank notes",0,0,
"old aus notes",0,0,
"old aussie paper money",0,0,
"old australian bank notes for sale",0,0,
"old australian banknotes ebay",0,0,
"old australian banknotes for sale in australia",0,0,
"old australian bills",0,0,
"old australian currency notes for sale",0,0,
"old australian not3es",0,0,
"old australian notes buyers",0,0,
"old australian notes ebay",0,0,
"old australian notes legal tender",0,0,
"old australian notes people",0,0,
"old australian paper banknotes",0,0,
"old australian paper currency",0,0,
"old australin notes",0,0,
"old banknotes australia",0,0,
"old money in pay envelope ausralian",0,0,
"old note australia",0,0,
"old paper australian notes",0,0,
"one piece of australian money note",0,0,
"open cash register with australian currency notes",0,0,
"optical illusions made with australian bank notes",0,0,
"ordering australian notes",0,0,
"origami 20 note australia",0,0,
"origami australian bank note",0,0,
"original australian paper notes",0,0,
"page of various australian money",0,0,
"paper 100 note folder australia",0,0,
"paper 5 notes australia",0,0,
"paper 50 note australia year",0,0,
"paper currency in australia",0,0,
"paper dollar australia",0,0,
"paper dollar australia only australia on",0,0,
"paper money australia finance",0,0,
"paper money australia loan",0,0,
"paper money australian 20",0,0,
"paper money guaruntee australia",0,0,
"paper note australia",0,0,
"paper notea legal tesder aiatralia",0,0,
"paper used for australian money",0,0,
"papermoney australia finance",0,0,
"papper money australia",0,0,
"paying with aus notes",0,0,
"peopel on the australian currency",0,0,
"people depicted on australian bank notes",0,0,
"people depicted on australian bank notes pictures",0,0,
"people of australia currency",0,0,
"people on all australian bank notes",0,0,
"people on aussie notes",0,0,
"people on australia notes",0,0,
"people on australias notes",0,0,
"people on notes of australia",0,0,
"people on paper austalian notes",0,0,
"people on the australian bank notes",0,0,
"people represented on australian bank notes",0,0,
"people.of australia currency",0,0,
"peopleb on notes of australia",0,0,
"persons on australian bank notes",0,0,
"photos of forged australian bank notes",0,0,
"photos pre decimal australian banknotes",0,0,
"picture of all australian currency current",0,0,
"pictures of australian banknotes 2016",0,0,
"pictures of australian coins and notes",0,0,
"pictures of australian paper money",0,0,
"pictures of australian pre decimal banknotes",0,0,
"pictures of large amounts of australian banknotes",0,0,
"pictures of lots of 100 aud money notes",0,0,
"pictures on australian notes",0,0,
"pictures on bank notes australia",0,0,
"piggy bank australian note",0,0,
"piggy bank autralian note",0,0,
"pjj 917233 australian note",0,0,
"place value with australian money",0,0,
"place value with money australia",0,0,
"polymer 50 note australia",0,0,
"popular paper note australia dollar",0,0,
"popular paper notes australian currency",0,0,
"portraits on australian bank notes",0,0,
"pre decimal australian banknotes to sell",0,0,
"pre fed australian banknotes",0,0,
"pre federation banknote",0,0,
"pre-decimal australian bank notes",0,0,
"pre-decimal australian bank notes for sale",0,0,
"pre-decimal australian bank notes picture",0,0,
"pre-decimal bank australian notes picture",0,0,
"predecimal australian bank notes",0,0,
"predecimal australian bank notes for sale",0,0,
"predecimal australian bank notes picture",0,0,
"predecimal bank australian notes picture",0,0,
"pressed hole new australian notes",0,0,
"pretty pictures of australian currency notes",0,0,
"price of old australian notes",0,0,
"price of paper 50 note australia",0,0,
"printable colouring pics of australian notes money",0,0,
"progression of australian banknotes",0,0,
"purple bank note australia",0,0,
"put your face on australian money",0,0,
"queensland banknotes",0,0,
"quiz australian bank notes",0,0,
"quiz on australian bank notes",0,0,
"raining 100 dollar notes austrailia",0,0,
"rba australian banknotes",0,0,
"rba banknotes australia",0,0,
"rba new banknotes",0,0,
"real australian money notes",0,0,
"real australian money notes clipart",0,0,
"real australian money notes images",0,0,
"reconnaitre vraie billet de 50 australien",0,0,
"reddit australian bamk note",0,0,
"reddit australian bamk note durable",0,0,
"reddit why are american notes so bad paper australia wash",0,0,
"redesign of australian banknotes",0,0,
"removal of high denomination notes in australian 1945",0,0,
"replace usd notes in australia",0,0,
"retail australian banknote bundles",0,0,
"riginal australian 450 note",0,0,
"roses out of australian dollar note",0,0,
"sample australian dollar notes",0,0,
"saustralia bank notes",0,0,
"save australian money notes",0,0,
"scenes on austraoian banknotes",0,0,
"security features in australian banknotes",0,0,
"security features of australian currency",0,0,
"sell aust banknotes",0,0,
"sell australian banknotes",0,0,
"sell australian paper notes",0,0,
"sell old australian banknotes",0,0,
"sell old australian notes",0,0,
"selling australia dollars note",0,0,
"selling australian bank notes",0,0,
"selling australian banknotes",0,0,
"selling australian banknotes co",0,0,
"selling old australian bank notes",0,0,
"selling old australian banknotes",0,0,
"set of australian paper notes",0,0,
"set of australian pre-decimal banknotes",0,0,
"set of australian predecimal banknotes",0,0,
"shadow image australian notes",0,0,
"shine a laser through a bank note australia",0,0,
"ship on australian currency latest",0,0,
"signatories on australian decimal notes",0,0,
"signatures on australian decimal bank notes",0,0,
"signatures on australian decimal banknotes",0,0,
"signatures on australian decimal notes",0,0,
"size of australian money",0,0,
"size of australian money vs american",0,0,
"slang for australian bank notes",0,0,
"slang names for australian bank notes",0,0,
"slang names for australian banknotes",0,0,
"smart notebook australian money",0,0,
"solid number australian banknote",0,0,
"songs about australian coins and notes",0,0,
"spelling error australian note",0,0,
"spelling mistake on 50 note australia",0,0,
"spelling mistate in bank notes australia",0,0,
"stack of 50 australian notes",0,0,
"star australian notes",0,0,
"suatrlian bank notes 1966",0,0,
"tactical feature on australian banknotes",0,0,
"tallow australian banknote",0,0,
"tallow in australian banknotes",0,0,
"the aussie million dollar notes",0,0,
"the biggest note in australian dollar",0,0,
"the date bank notes were invented in australia",0,0,
"the most common australian note in circulation",0,0,
"the new australian currency",0,0,
"the new australian money",0,0,
"the poeple on austrlian money",0,0,
"the story of currency in australia booklet",0,0,
"themes of aus money notes",0,0,
"thickness of australian $5 note",0,0,
"thickness of australian bill",0,0,
"thickness of australian note",0,0,
"thickness of australin $5 notes",0,0,
"thickness of austrlain $5 notes",0,0,
"thickness of austrlain $5 notes micrometers",0,0,
"things i need to know about australian money",0,0,
"three security features on australian notes",0,0,
"throw australian notes",0,0,
"timeline of australian banknotes",0,0,
"tons of australian note",0,0,
"total australian currency in circulation",0,0,
"total australian dollars in circulation",0,0,
"town on old australian banknote",0,0,
"training banknotes aud",0,0,
"transparent australian money",0,0,
"tricks to do with australian notes",0,0,
"trivia about australina banknotes",0,0,
"trying to find australia notes worth money",0,0,
"types of coins and notes australia",0,0,
"types of money in australia",0,0,
"typo australia banknote",0,0,
"uang kertas dolar australia",0,0,
"uncirculated australian bank notes",0,0,
"url www abc net au professor banknotes",0,0,
"url www.abc.net.au professor banknotes",0,0,
"url www.abc.net.au withdraw banknotes",0,0,
"us dollar bills australia banks",0,0,
"using images of bank notes in australia",0,0,
"uv australian banknotes",0,0,
"uv on australian banknotes",0,0,
"v21 commonwealth of australia bank notes",0,0,
"v21 commonwealth of australia banknotes",0,0,
"valeur billet 5 australien n a",0,0,
"valeur billet 5 australien na",0,0,
"valid australian currency",0,0,
"valid australian dollar notes",0,0,
"value 1 australian note",0,0,
"value aus bank notes",0,0,
"value aus notes",0,0,
"value of 1 australian note",0,0,
"value of australian dollars in circulation",0,0,
"value of australian money in 1850",0,0,
"value of australian paper 5 banknot",0,0,
"value of australian paper 5 banknote",0,0,
"value of australian paper banknotes",0,0,
"value of australian paper notes",0,0,
"value of australian pound notes",0,0,
"value of australian pre decimal paper banknotes",0,0,
"value of circulated australian paper banknotes",0,0,
"victorian paper money",0,0,
"victorian public transport matched to australian notes",0,0,
"vintage australian bank notes",0,0,
"vslue of 1 aus banknote",0,0,
"wad of australian bank notes",0,0,
"wad of australian bank notes free images",0,0,
"want to buy australian notes old new",0,0,
"want to buy old australian paper notes",0,0,
"waterproof australian banknotes",0,0,
"weight of australian currency",0,0,
"wfk 803287 50 dollar australian banknote",0,0,
"wfk 803287 australian banknote",0,0,
"wfk 803287 dollar australian banknote",0,0,
"what are australian bills look like",0,0,
"what are australian dollars mad of",0,0,
"what are australian notes",0,0,
"what are australian pound notes worth",0,0,
"what are commonwealth of australia notes worth",0,0,
"what are notes made out of in australia",0,0,
"what are old australian bank notes were",0,0,
"what are old australian bank notes werth",0,0,
"what are old australian banknotes worth",0,0,
"what are some security features in the australian notes",0,0,
"what are the australian dollar notes made of",0,0,
"what are the australian notes nicknames",0,0,
"what are the main denominations of currency used in australia",0,0,
"what are the most common australian notes",0,0,
"what are the nicknames for australian notes",0,0,
"what are the paper money in australia called",0,0,
"what are the security features on australian banknotes",0,0,
"what are the special features of australian money",0,0,
"what aussie note is green",0,0,
"what australia bank note carried her picture for 20 years",0,0,
"what australian bank note has a verse written on it",0,0,
"what australian bank notes have a poem written on",0,0,
"what australian money has the queen on it",0,0,
"what australian money looks like",0,0,
"what australian money was old",0,0,
"what bands do you use for australian money",0,0,
"what banknotes does australia have",0,0,
"what colour is australian currency",0,0,
"what colour is australian money",0,0,
"what countries does australia make currency for",0,0,
"what countrys produce australia money",0,0,
"what currency is used in australia 2015",0,0,
"what currency is used in australia 2016",0,0,
"what denominations do australian dollars come in",0,0,
"what denominations were australian pre decimal banknotes",0,0,
"what did australian currency look like in the 1800's",0,0,
"what did australian currency look like in the 1800s",0,0,
"what did the people on australian banknotes do",0,0,
"what do australians call their 100 dollar bills",0,0,
"what do australians use for money",0,0,
"what do the people on australian notes have in common",0,0,
"what do the pictures on the banknotes mean austr",0,0,
"what do you call a green australian note",0,0,
"what do you call all the m9ney noted in aistralia",0,0,
"what does a australian bill look like",0,0,
"what does au bank notes r 209a mean",0,0,
"what does au bank notes r.209a mean",0,0,
"what does au banknotes r 209a mean",0,0,
"what does au banknotes r.209a mean",0,0,
"what does australia money look like",0,0,
"what does australian bank notes start out as",0,0,
"what does australian money called",0,0,
"what does australianbank notes start out as",0,0,
"what does it say on the fake australian note",0,0,
"what does prefix mean on bank notes australia",0,0,
"what happened to australia paper money",0,0,
"what happened to australian paper money",0,0,
"what happens to australias bank notes",0,0,
"what is a star australin banknote",0,0,
"what is australia money called",0,0,
"what is australia's money",0,0,
"what is australian currency kids",0,0,
"what is australian money called now",0,0,
"what is australian money name",0,0,
"what is australian notes made from money",0,0,
"what is australian paper money worth",0,0,
"what is australias money called",0,0,
"what is cash money made of in australia",0,0,
"what is in australian paper money",0,0,
"what is money in australia called",0,0,
"what is the australian money called",0,0,
"what is the australian notes made of",0,0,
"what is the biggest denomination bill australia",0,0,
"what is the currency of australia 2016",0,0,
"what is the highest currency note in australia",0,0,
"what is the highest denominator in australia as in currency",0,0,
"what is the highest denominator used in australia in money",0,0,
"what is the highest note in australian currency",0,0,
"what is the largest australian bank note",0,0,
"what is the largest australian cash denomination",0,0,
"what is the largest currency in australia",0,0,
"what is the largest denomination of money in australia",0,0,
"what is the light used to check australian bank notes",0,0,
"what is the meaning of australian current notes",0,0,
"what is the measurement of australian bank note",0,0,
"what is the money called in australia",0,0,
"what is the money in australia called",0,0,
"what is the money of australia called",0,0,
"what is the most commen australia back note used",0,0,
"what is the most common australian bank note used",0,0,
"what is the most common australian banknote",0,0,
"what is the most common australian money note used",0,0,
"what is the most common bank note in australia",0,0,
"what is the most common banknote in australia",0,0,
"what is the most common note in australia",0,0,
"what is the new money in australia",0,0,
"what is the thickness of an australian $5 note",0,0,
"what is the thickness of an australin $5 note",0,0,
"what is the title of the person issuing australian banknotes",0,0,
"what is unusual about australian bank banknotes",0,0,
"what kind of currency does australia have",0,0,
"what kind of money do they use in australia",0,0,
"what kind of money does australia have",0,0,
"what kind of money does australia use",0,0,
"what kind of money in australia",0,0,
"what kind of money is used in australia",0,0,
"what kind of people are designed on australian notes",0,0,
"what kind paper is used for money aus",0,0,
"what makes australia money different",0,0,
"what makes australian banknotes different",0,0,
"what makes australian money different",0,0,
"what money do australia use",0,0,
"what money has the queen on it in australia",0,0,
"what pictures are on australian notes",0,0,
"what should australians do with indian rupee notes",0,0,
"what size is australian notes",0,0,
"what to do with old australian paper money",0,0,
"what was the highest pound demonination in australia",0,0,
"what xolour is the australian money",0,0,
"what year is paper banknote australia",0,0,
"what's the australian slang for notes of money",0,0,
"what's the money called in australia",0,0,
"what's the money in australia called",0,0,
"whati s austrlain notes made from",0,0,
"whatis the largest aud note",0,0,
"whats australian money called",0,0,
"whats on australian banknotes",0,0,
"whats the australian slang for notes of money",0,0,
"whats the measurements for an australian 50 bank note",0,0,
"whats the money in australia called",0,0,
"whats the most common bank note in australia",0,0,
"when 1 notes stopped in australua",0,0,
"when did australia have 1 notes",0,0,
"when did australia have paper money",0,0,
"when did australia stop using 1.00 notes",0,0,
"when did commonwealth of australia drop off banknotes",0,0,
"when did old australia paper money",0,0,
"when does australia end bank notes",0,0,
"when does australia end banknotes",0,0,
"when was australia notes lasted printed in paper",0,0,
"when was australian money made",0,0,
"when was money invented in australia",0,0,
"when was paper money introduced in australia",0,0,
"when was paper money introduced in australia timeline",0,0,
"when was paper money phased out in australia",0,0,
"when will the australian recall 400 notes",0,0,
"where can i cash old australian notes",0,0,
"where can you get 5 aud bills",0,0,
"where does australian fiat money come from",0,0,
"where i can apprise my australian banknote",0,0,
"where to buy australian banknotes",0,0,
"where to buy brand new australian notes for collection",0,0,
"where to convert 500 rs old notes in australia",0,0,
"where to exchange old australian notes",0,0,
"where to find the value of australian banknotes",0,0,
"where to get 1 usd notes in australia",0,0,
"where's the date on australian bank notes",0,0,
"wheres the date on australian bank notes",0,0,
"which aust bank note has the largest circulation",0,0,
"which australian bank note has a spelling error",0,0,
"which australian bank note is blue",0,0,
"which australian opera singer is the australian banknote",0,0,
"which australian pre decmial notes",0,0,
"which banks exchange old australian notes",0,0,
"which country made australian dollars",0,0,
"which country make australian dollars",0,0,
"which money did australia use",0,0,
"which side is the front of an australian note",0,0,
"whichaustralian note has spelling mistake",0,0,
"who appears on australian notes",0,0,
"who are on australian money",0,0,
"who are on the australian bank notes",0,0,
"who are on the australian currency",0,0,
"who are the faces on australian money",0,0,
"who are the faces on the australian money notes",0,0,
"who are the people on australia's money",0,0,
"who are the people on australian currency notes",0,0,
"who are the people on australian notes for kids",0,0,
"who are the people on australian notes video for kids",0,0,
"who are the people on australias money",0,0,
"who can be on australian notes",0,0,
"who created australian money",0,0,
"who created money in australia",0,0,
"who decides who appears on australian notes",0,0,
"who designed austrlaian money",0,0,
"who designed the australian notes",0,0,
"who invented money in australia",0,0,
"who invented the whole 2 note in australia",0,0,
"who is depicted on australian currency",0,0,
"who is featured on the australian notes",0,0,
"who is in the australian notes",0,0,
"who is on aussie money",0,0,
"who is on austalian bills",0,0,
"who is on australia's bank notes",0,0,
"who is on australias bank notes",0,0,
"who is on our australian notes",0,0,
"who is on the australian bank notes",0,0,
"who is on the australian note",0,0,
"who is on the australian note and their importance",0,0,
"who is on the current australian banknotes",0,0,
"who is on the notes of australia",0,0,
"who is one australian notes",0,0,
"who is pictured on australian banknotes",0,0,
"who is responsible for issuing australian banknotes",0,0,
"who is responsible for the control of australian currency notes",0,0,
"who is responsible for the issueing of the australian banknote",0,0,
"who is shown on australian banknotes",0,0,
"who issues the paper money in australia",0,0,
"who made the australia money",0,0,
"who made the australian money",0,0,
"who owns australian bank notes",0,0,
"who was on the old australian notes",0,0,
"who was pictured on australia's pre-decimal notes",0,0,
"whos on australian currency",0,0,
"whos on australian notes",0,0,
"whos on the australian banknotes",0,0,
"whose face is on australian money",0,0,
"why are australian notes colour coded",0,0,
"why are australian notes different colour",0,0,
"why are australian notes the colors they are",0,0,
"why australia doesn't have 500 bill",0,0,
"why australia doesnt have 500 bill",0,0,
"why australia doesnt have 5oo bill",0,0,
"why australia's banknotes",0,0,
"why australia's banknotes are better than british banknotes",0,0,
"why australian note picture are important",0,0,
"why australias banknotes",0,0,
"why australias banknotes are better than british banknotes",0,0,
"why can't i find any.new 50 notes in australia",0,0,
"why cant i find any new 50 notes in australia",0,0,
"why cant i find any.new 50 notes in australia",0,0,
"why did australia create new money",0,0,
"why did australia name dollar note",0,0,
"why did the australian banknote change",0,0,
"why do australian notes have a secuirty feature",0,0,
"why does australian money smell",0,0,
"why is australian notez the colors they are",0,0,
"why its not written paper promise on australian notes",0,0,
"why was commonwealth of australia removed from banknotes",0,0,
"wiki australian bank note",0,0,
"will australia get new money",0,0,
"will australian bank notes melt",0,0,
"will the 2017 australian notes expire",0,0,
"willy wonka australian bank banknotes",0,0,
"windmill australian bank note",0,0,
"woman in australian notes",0,0,
"women australia banknotes",0,0,
"word legal tender australian banknotes",0,0,
"words in australia note",0,0,
"world banknote dealers australia",0,0,
"wr australia banknote",0,0,
"writing on bank notes australia",0,0,
"wrong spelling on australian note",0,0,
"www.papermoney.com.au",0,0,
"zoomed in australian note",0,0,
"zx australian bank notes",0,0,
"банкноты австралии го",0,0,
"банкноты австралии год выпуска",0,0,
"澳元纸币",0,0,
"澳洲 100 元 纸币",0,0,
"澳洲 纸 钞",0,0,
"澳洲 纸币 上 的 人物",0,0,
"澳洲100元纸币",0,0,
"澳洲纸钞",0,0,
"目前 约有总价值为760亿澳元的澳大利亚纸币在流通",0,0,
"aussie 10 dollar note",0,0,
"australia 5 note",0,0,
"$100 bills australia printable",0,0,
"100 australian play print money",0,0,
"100 dollar bill australia printable",0,0,
"100 dollar printable australian",0,0,
"100 dollars cash printable australian money",0,0,
"2 sided printable play money",0,0,
"20 play money template",0,0,
"5 play money print template",0,0,
"50 australian play print money",0,0,
"500 dollar bill play money printable",0,0,
"a fun way to make counting australian coins and notes",0,0,
"a4 printable play money",0,0,
"a4 printable play money aus",0,0,
"a4 printable play money australia",0,0,
"a4 templates kids money",0,0,
"a4 templates play money",0,0,
"abcya australian money",0,0,
"able to print play money template",0,0,
"able to print play money templates",0,0,
"activities for giving change for year 2 australian money",0,0,
"actual size money printables",0,0,
"actual size printable money",0,0,
"adding australian money for kids",0,0,
"adding australian money worksheet",0,0,
"adding money worksheets australia",0,0,
"advanced australian money activities",0,0,
"afake money printables",0,0,
"american money double sided printable",0,0,
"american money worksheets",0,0,
"au money worksheets",0,0,
"auctralian money count sheet",0,0,
"aud cash counting worksheet",0,0,
"aus dollar money counting app online",0,0,
"aus money worksheets",0,0,
"aussie kids count money",0,0,
"aussie money worksheets",0,0,
"austraklian money colouring in",0,0,
"australan play money for sale",0,0,
"australia coin printable",0,0,
"australia counting money worksheets",0,0,
"australia mint bills worksheet",0,0,
"australia money play",0,0,
"australia money printable",0,0,
"australia money worksheet printable",0,0,
"australia money worksheets",0,0,
"australian bank educational money game",0,0,
"australian bank educational money game grade 9",0,0,
"australian banknotes worksheets",0,0,
"australian coin dice printable",0,0,
"australian coin matching game printable",0,0,
"australian coin printable",0,0,
"australian coin printables",0,0,
"australian coins and notes activities",0,0,
"australian coins and notes play money",0,0,
"australian coins play money",0,0,
"australian coins printable worksheets",0,0,
"australian counting money bills worksheet",0,0,
"australian counting money notes worksheet",0,0,
"australian currence activities for kids",0,0,
"australian currency activities",0,0,
"australian currency counting kidd",0,0,
"australian currency counting kids",0,0,
"australian currency daily cash sheet template",0,0,
"australian currency for kids",0,0,
"australian currency for play",0,0,
"australian currency for school children",0,0,
"australian currency game",0,0,
"australian currency games",0,0,
"australian currency interactive games",0,0,
"australian currency maths resources",0,0,
"australian currency money maths games",0,0,
"australian currency online game",0,0,
"australian currency online games",0,0,
"australian currency packs for students",0,0,
"australian currency play money",0,0,
"australian currency play money printable",0,0,
"australian currency print out",0,0,
"australian currency printable",0,0,
"australian currency printables",0,0,
"australian currency printout",0,0,
"australian currency year 1 worksheets",0,0,
"australian curriculum money activity year 1",0,0,
"australian daily counting coins and notes template",0,0,
"australian dollar money worksheets",0,0,
"australian dollar play money",0,0,
"australian dollar printable",0,0,
"australian dollar printables",0,0,
"australian dollar sense ipon challenge 2018 printable",0,0,
"australian fake money for kids",0,0,
"australian fake money printable",0,0,
"australian fake notes printable",0,0,
"australian fake play money",0,0,
"australian foundation level money worksheet",0,0,
"australian mao printable",0,0,
"australian moey printbles",0,0,
"australian money activities art",0,0,
"australian money activities for grade 1",0,0,
"australian money activities for grade 2",0,0,
"australian money activities for kids",0,0,
"australian money activities for prep",0,0,
"australian money activities for preps",0,0,
"australian money activities for primary students",0,0,
"australian money activities for year 1 free printable",0,0,
"australian money activities for year 1 shade in the money",0,0,
"australian money activities for year 3",0,0,
"australian money activities for year 5",0,0,
"australian money activities grade 1",0,0,
"australian money activities grade 2",0,0,
"australian money activities grade 3",0,0,
"australian money activities kindergarten",0,0,
"australian money activities year 1",0,0,
"australian money activities year 2",0,0,
"australian money activity",0,0,
"australian money adding app for kids",0,0,
"australian money addition worksheet",0,0,
"australian money addition worksheets",0,0,
"australian money and item worth pictures worksheet",0,0,
"australian money and simple addition",0,0,
"australian money apps for kids",0,0,
"australian money assessment sheets",0,0,
"australian money bingo cards printable",0,0,
"australian money bingo free printable",0,0,
"australian money bingo game printable",0,0,
"australian money bingo game printable free",0,0,
"australian money bingo pdf",0,0,
"australian money bingo printable free",0,0,
"australian money board games printable",0,0,
"australian money booklets for esl students",0,0,
"australian money calculating changeshopping worksheets",0,0,
"australian money card matching game",0,0,
"australian money change online games",0,0,
"australian money change practice",0,0,
"australian money change worksheet",0,0,
"australian money children",0,0,
"australian money classroom display",0,0,
"australian money clips for kids",0,0,
"australian money colouring page",0,0,
"australian money count sheet",0,0,
"australian money counting worksheets",0,0,
"australian money craft",0,0,
"australian money cut and paste",0,0,
"australian money cut and paste notes activity free printable",0,0,
"australian money cut and paste notes worksheet free printable",0,0,
"australian money cut out",0,0,
"australian money dice template",0,0,
"australian money dominoes",0,0,
"australian money dominoes printable",0,0,
"australian money education",0,0,
"australian money educational play",0,0,
"australian money educcational games",0,0,
"australian money end of day count sheet",0,0,
"australian money flash cards",0,0,
"australian money for kids",0,0,
"australian money for kindergarten apps",0,0,
"australian money for teaching",0,0,
"australian money for your smartboard",0,0,
"australian money free printable worksheet year 3",0,0,
"australian money game for 2nd grade",0,0,
"australian money game for kids",0,0,
"australian money game interactive",0,0,
"australian money game kinder",0,0,
"australian money game online",0,0,
"australian money game online interactive",0,0,
"australian money game puzzle grade 3",0,0,
"australian money game year 2",0,0,
"australian money games for 999999999999999",0,0,
"australian money games for kids",0,0,
"australian money games for kindergarten",0,0,
"australian money games for primary children",0,0,
"australian money games for primary school",0,0,
"australian money games for students",0,0,
"australian money games for year 2",0,0,
"australian money games for year 3",0,0,
"australian money games for year 5",0,0,
"australian money games free",0,0,
"australian money games grade 1",0,0,
"australian money games grade 4",0,0,
"australian money games interactive",0,0,
"australian money games interactive whiteboard",0,0,
"australian money games iwb",0,0,
"australian money games kindergarten",0,0,
"australian money games pdf",0,0,
"australian money games to print",0,0,
"australian money games year 1",0,0,
"australian money games year 12",0,0,
"australian money games year 2",0,0,
"australian money games year 3",0,0,
"australian money games year 4",0,0,
"australian money games year 6",0,0,
"australian money giving change games",0,0,
"australian money go fish game",0,0,
"australian money i have who has game for kids",0,0,
"australian money images printable",0,0,
"australian money interactive game",0,0,
"australian money interactive games whiteboard",0,0,
"australian money interactive games year 1",0,0,
"australian money kids",0,0,
"australian money kids book",0,0,
"australian money kindergarten",0,0,
"australian money learning games",0,0,
"australian money lessons year 1",0,0,
"australian money lessons year 2",0,0,
"australian money loop cards",0,0,
"australian money making change worksheet",0,0,
"australian money making change worksheets",0,0,
"australian money making change worksheets year 5",0,0,
"australian money manipulatives",0,0,
"australian money match game",0,0,
"australian money match up velcro",0,0,
"australian money matching",0,0,
"australian money matching create using velcro",0,0,
"australian money matching flipbook",0,0,
"australian money matching printatble",0,0,
"australian money matching velcro",0,0,
"australian money matching worksheet",0,0,
"australian money maths",0,0,
"australian money maths activities sheets",0,0,
"australian money maths exercises pdf",0,0,
"australian money maths free activities sheets",0,0,
"australian money maths grade 3",0,0,
"australian money maths interactive games",0,0,
"australian money maths work sheets",0,0,
"australian money maths workbook pdf",0,0,
"australian money maths worksheets pdf",0,0,
"australian money new notes printable",0,0,
"australian money notes activities",0,0,
"australian money notes and coins printable",0,0,
"australian money notes and coins worksheet",0,0,
"australian money notes and coins worksheets",0,0,
"australian money number game",0,0,
"australian money online game",0,0,
"australian money ordering interactive",0,0,
"australian money p colour page",0,0,
"australian money p colouring page",0,0,
"australian money play",0,0,
"australian money powerpoint year 1",0,0,
"australian money powerpoint year 2",0,0,
"australian money pre test year 1",0,0,
"australian money pre test yeat 1",0,0,
"australian money primary school activities",0,0,
"australian money print out",0,0,
"australian money printable game for kids",0,0,
"australian money printable play money",0,0,
"australian money printables black and white",0,0,
"australian money problem solving worksheets",0,0,
"australian money problems for year 3 students",0,0,
"australian money problems year 4",0,0,
"australian money questions for kids",0,0,
"australian money recognition worksheets for kindergarten",0,0,
"australian money rounding game",0,0,
"australian money shopping worksheets pdf",0,0,
"australian money skills worksheets",0,0,
"australian money task cards",0,0,
"australian money teaching",0,0,
"australian money teaching aid",0,0,
"australian money template free",0,0,
"australian money templates for teachers",0,0,
"australian money templates for teachers on colour",0,0,
"australian money templates kids",0,0,
"australian money to print free",0,0,
"australian money twinkl",0,0,
"australian money unit of work",0,0,
"australian money video for kids",0,0,
"australian money with playing cards",0,0,
"australian money word problems pdf",0,0,
"australian money word problems worksheets pdf",0,0,
"australian money word problems year 3",0,0,
"australian money worded worksheets",0,0,
"australian money worjksheets slamar",0,0,
"australian money workbooks free",0,0,
"australian money worksheerts",0,0,
"australian money worksheet for grade 3",0,0,
"australian money worksheet free",0,0,
"australian money worksheet game",0,0,
"australian money worksheet generator",0,0,
"australian money worksheet grade 1",0,0,
"australian money worksheet grade 2",0,0,
"australian money worksheet grade 3",0,0,
"australian money worksheet kindergarten",0,0,
"australian money worksheet pdf",0,0,
"australian money worksheet printable",0,0,
"australian money worksheet year 1",0,0,
"australian money worksheet year 2 free",0,0,
"australian money worksheet year1",0,0,
"australian money worksheets calculating change free year 3",0,0,
"australian money worksheets for grade 2",0,0,
"australian money worksheets for kids",0,0,
"australian money worksheets giving change",0,0,
"australian money worksheets grade 1",0,0,
"australian money worksheets grade 2",0,0,
"australian money worksheets grade 3",0,0,
"australian money worksheets matching",0,0,
"australian money worksheets reception",0,0,
"australian money worksheets salamander",0,0,
"australian money worksheets stage 1",0,0,
"australian money worksheets year 6",0,0,
"australian money year 1 word problems worksheets",0,0,
"australian money year 1 worksheets",0,0,
"australian money year 2 assessmnet activity",0,0,
"australian money year 2 worksheets",0,0,
"australian money year 3 activities",0,0,
"australian moneyshopping worksheet",0,0,
"australian notes and coins blackline masters",0,0,
"australian notes and coins worksheets",0,0,
"australian play currency double sided",0,0,
"australian play money big w",0,0,
"australian play money buy",0,0,
"australian play money for sale",0,0,
"australian play money images",0,0,
"australian play money pack",0,0,
"australian play money pdf",0,0,
"australian play money perth",0,0,
"australian play money site bigw com au",0,0,
"australian play money site bigw.com.au",0,0,
"australian play money template",0,0,
"australian play print money",0,0,
"australian printable money conys",0,0,
"australian printable play money notes",0,0,
"australian printables pdf",0,0,
"australian shopping worksheets",0,0,
"australian worksheet money",0,0,
"australian worksheets year 2 money",0,0,
"australian year 1 money worksheet",0,0,
"australian year 3 money worksheet",0,0,
"austraqlian money worksheets",0,0,
"austrlian money template",0,0,
"ausyralian money questions for kids",0,0,
"banknoty do zabawy do druku",0,0,
"big play money printable",0,0,
"big w fake australian play money",0,0,
"bulk play money pdf",0,0,
"buy and selling with australian money year 2",0,0,
"buy australian play money",0,0,
"calculating australian notes and coins interactive",0,0,
"calculating change australian money free worksheets",0,0,
"calculating change australian money worksheets year 4",0,0,
"can you photocopy australian money",0,0,
"canadian play money printable",0,0,
"canadian play money printables free",0,0,
"canadian play money template",0,0,
"canadian school play money",0,0,
"cash count sheet australia",0,0,
"cash counting worksheet aud",0,0,
"cash counting worksheet aus dollars",0,0,
"cash worksheet aud",0,0,
"cash worksheet aud printable events",0,0,
"casino play money template",0,0,
"children's play money printable",0,0,
"children's printable fake money",0,0,
"childrens australian money chart",0,0,
"childrens play money printable",0,0,
"childrens printable fake money",0,0,
"christmas play money printable free",0,0,
"christmas play money template",0,0,
"classroom printable money",0,0,
"coloring money worksheets",0,0,
"coloring page of play money",0,0,
"comparing australian money work sheets",0,0,
"comparing australian money worksheets",0,0,
"count money for kids australia",0,0,
"counting australian money for kids",0,0,
"counting australian money interactive",0,0,
"counting australian money interactive games",0,0,
"counting australian money powerpoint",0,0,
"counting australian money ppt powerpoint",0,0,
"counting australian money with a number board",0,0,
"counting australian money worksheet for primary students",0,0,
"counting australian money worksheets year 2",0,0,
"counting australian money worksheets year 3",0,0,
"counting change australian worksheet",0,0,
"counting change worksheets australia",0,0,
"counting coins worksheet australia",0,0,
"counting coins worksheet australian",0,0,
"counting coins worksheets australia",0,0,
"counting money after purchase back worksheet australian",0,0,
"counting money aud colour in",0,0,
"counting money australia game",0,0,
"counting money back worksheet australian",0,0,
"counting money games for adults free app australia",0,0,
"counting money games printable",0,0,
"counting money online game australia",0,0,
"counting money printable games",0,0,
"counting money printable worksheets",0,0,
"counting money printables",0,0,
"counting money worksheets printable",0,0,
"coutning australian money worksheets",0,0,
"cpunting australian money worksheet year 2",0,0,
"create an australian note play money",0,0,
"create custom play money",0,0,
"create money australia",0,0,
"create own play money",0,0,
"create personalized play money",0,0,
"create play money online",0,0,
"create play money printable",0,0,
"create play money template",0,0,
"create you own australian money worjksheets",0,0,
"create you own australian money worjksheets slamar",0,0,
"create your own free printable play money",0,0,
"create your own money worksheets",0,0,
"create your own play money online",0,0,
"create your own play money online free",0,0,
"create your own play money template",0,0,
"create your own play money with microsoft word",0,0,
"create your own printable play money",0,0,
"creative ways for grade 1s to learn about money australia",0,0,
"currency calculator printable",0,0,
"custom australian money",0,0,
"custom play money free",0,0,
"custom play money printable",0,0,
"custom printed play money",0,0,
"customizable play money",0,0,
"customizable play money template free",0,0,
"customizable printable money template",0,0,
"customizable printable play money",0,0,
"cut and paste australian money worksheet free download",0,0,
"cute fake australia money printable",0,0,
"cute fake australia oney printable",0,0,
"design my own play money",0,0,
"design your own australian fake money",0,0,
"design your own money activity",0,0,
"design your own play money printable",0,0,
"dinero falso para jugar imprimir",0,0,
"dinheiro de brincadeira para imprimir",0,0,
"dinheiro de brinquedo para imprimir",0,0,
"dinheiro para imprimir e brincar",0,0,
"disney play money printables",0,0,
"do i have the right change australian money game",0,0,
"doll money printables",0,0,
"doll size australian money",0,0,
"dollar money printable",0,0,
"dollar play money printable",0,0,
"dollar printable for kids",0,0,
"download play money worksheets",0,0,
"dramatic play grocery store australian money",0,0,
"easy australian money worksheets",0,0,
"edible money sheets australia",0,0,
"editable classroom money template",0,0,
"editable classroom money template free",0,0,
"editable funny money template",0,0,
"editable play money generator",0,0,
"editable play money template word",0,0,
"editable printable play money templates australian",0,0,
"elc australian play money",0,0,
"emogi australian money printable",0,0,
"eod cash count sheet excel australia",0,0,
"equivalent values money game aus",0,0,
"esl australian money lesson",0,0,
"esl australian money worksheets",0,0,
"esl money value worksheets australian currency",0,0,
"euro play money printable",0,0,
"fake 1 play money australia",0,0,
"fake 1 play notes australia",0,0,
"fake 100 dollar australian bills to print",0,0,
"fake australian money 1 1 printable",0,0,
"fake australian money for childrens acitvities",0,0,
"fake australian money notes and coins kids",0,0,
"fake australian money print off",0,0,
"fake australian money printable",0,0,
"fake australian money printable kindergarten",0,0,
"fake australian money printables",0,0,
"fake australian money printout",0,0,
"fake australian money template for teachers",0,0,
"fake australian money to print",0,0,
"fake australian money to teach kids about money",0,0,
"fake australian play money printable",0,0,
"fake canadian money printable",0,0,
"fake indian money for kids printable",0,0,
"fake kids money printable",0,0,
"fake money australia printables",0,0,
"fake money australian printables",0,0,
"fake money for kids pdf",0,0,
"fake money for kids printable",0,0,
"fake money for kids printable black and white",0,0,
"fake money for kids printable free",0,0,
"fake money for kids template",0,0,
"fake money for kids to print",0,0,
"fake money for kids to print out",0,0,
"fake money free printable",0,0,
"fake money kids printable",0,0,
"fake money print out aud",0,0,
"fake money printable 10",0,0,
"fake money printable aud",0,0,
"fake money printable australian",0,0,
"fake money printable canadian",0,0,
"fake money printable for kids",0,0,
"fake money printable kindergarten",0,0,
"fake money printable sheets",0,0,
"fake money printable templates",0,0,
"fake money printables",0,0,
"fake money printables australian",0,0,
"fake money printables canada",0,0,
"fake money printables canadian",0,0,
"fake money printables for kids",0,0,
"fake money printables free",0,0,
"fake money template for kids",0,0,
"fake money template for teachers aus",0,0,
"fake money to print out for kids",0,0,
"fake play money template",0,0,
"fake printable money for kids",0,0,
"false money printables",0,0,
"false money printables australian",0,0,
"faux billet pour jouer à imprimer",0,0,
"faux billets davion à imprimer",0,0,
"first grade australian money worksheets year 1",0,0,
"foreign to australian currency lesson plan",0,0,
"fre eaustralian money worksheet",0,0,
"free aurstraliancoin printables",0,0,
"free australian money activities",0,0,
"free australian money activities for year 2",0,0,
"free australian money games interactive whiteboard",0,0,
"free australian money printable",0,0,
"free australian money printable worksheet",0,0,
"free australian money recognition worksheets year 1",0,0,
"free australian money worksheets stage 1",0,0,
"free canadian money worksheets",0,0,
"free canadian play money templates",0,0,
"free custom play money",0,0,
"free custom printable play money template",0,0,
"free customizable play money",0,0,
"free fake money printable",0,0,
"free interactive australian money games",0,0,
"free money printables for kids australia",0,0,
"free money year 3 ppt australia",0,0,
"free pictures of $100 australian bill to print for kids",0,0,
"free play money printable",0,0,
"free play money printables",0,0,
"free play money template customizable",0,0,
"free play money template download",0,0,
"free play money template for word",0,0,
"free play money to print",0,0,
"free posters about australian money",0,0,
"free printable 5 australian money templates",0,0,
"free printable australian coins and notes",0,0,
"free printable australian money activities worsheet",0,0,
"free printable australian money bingo",0,0,
"free printable australian money bingo game",0,0,
"free printable australian money games",0,0,
"free printable australian money notes",0,0,
"free printable australian money pdf",0,0,
"free printable australian money printable",0,0,
"free printable australian money printables",0,0,
"free printable australian money word problems worksheets",0,0,
"free printable australian money worksheet",0,0,
"free printable australian money worksheets year 1",0,0,
"free printable australian notes",0,0,
"free printable australian play money",0,0,
"free printable canadian money template",0,0,
"free printable canadian money worksheets",0,0,
"free printable canadian play money",0,0,
"free printable cash drawer count sheet australia",0,0,
"free printable counting money worksheets for 2nd grade",0,0,
"free printable custom play money",0,0,
"free printable customizable play money",0,0,
"free printable cut and paste australian money worksheets",0,0,
"free printable dollar disney cute fake money printable",0,0,
"free printable fake money for teachers",0,0,
"free printable fake money print",0,0,
"free printable kids money",0,0,
"free printable kids play money",0,0,
"free printable money activities worsheet",0,0,
"free printable money for kids",0,0,
"free printable money worksheet",0,0,
"free printable money worksheets for kids",0,0,
"free printable money worksheets ks1",0,0,
"free printable money worksheets uk",0,0,
"free printable play dollars",0,0,
"free printable play momey",0,0,
"free printable play money and checks",0,0,
"free printable play money aus",0,0,
"free printable play money canadian",0,0,
"free printable play money for kids",0,0,
"free printable play money front and back",0,0,
"free printable play money new zealand",0,0,
"free printable play money sheets",0,0,
"free printable play money templates",0,0,
"free printable play money uk",0,0,
"free printable play movie money for kids",0,0,
"free printables australian grocery items and prices money worksheets",0,0,
"free printables canadian money for kids",0,0,
"free printables shopping australian money giving change",0,0,
"free printables shopping with australian money",0,0,
"free shopping worksheets maths australian money",0,0,
"free teaching resources australian money",0,0,
"free templates for play money",0,0,
"free worksheets on australian currency exchange",0,0,
"free year 5 australian money worksheets",0,0,
"fun australian money games",0,0,
"fun money template",0,0,
"fun money templates",0,0,
"gambar uang mainan untuk di print",0,0,
"games to play for learning money australia",0,0,
"geldscheine zum ausdrucken",0,0,
"geldscheine zum drucken",0,0,
"giving a child australian money",0,0,
"giving change australian money game free",0,0,
"giving change australian money worksheets year 4 5",0,0,
"giving change australian money worksheetsm year 4 5",0,0,
"giving change worksheets australian money",0,0,
"grade 1 australian money worksheets",0,0,
"grade 1 count money worksheets australia",0,0,
"grade 1 money australia lessons",0,0,
"grade 1 money games aud",0,0,
"grade 1 money lesson plan australia",0,0,
"grade 1 money worksheets australia",0,0,
"grade 2 australian money worksheets",0,0,
"grade 3 & 4 australian money lessons",0,0,
"grade 3 australian money worksheets",0,0,
"grade 3 money worksheets australia",0,0,
"grade 4 australian money worksheets",0,0,
"grade 5 australian making change money worksheets",0,0,
"grocery store free printables australain money",0,0,
"grocery store free printables australian money",0,0,
"how australian money is made for kids",0,0,
"how is australian money made for kids",0,0,
"how real is australian training money to real money",0,0,
"how to make doll play money",0,0,
"how to make paper money for playing",0,0,
"how to make play money for kids",0,0,
"how to make play money on microsoft word",0,0,
"how to make play money out of paper",0,0,
"how to make play money with paper",0,0,
"how to make your own play money",0,0,
"how to teach a child to count money australia",0,0,
"i have who has australian money game",0,0,
"ican count money australia",0,0,
"ict games australian money",0,0,
"identify money worksheets",0,0,
"identifying australian money worksheet",0,0,
"identifying money worksheets free",0,0,
"identifying money worksheets pdf",0,0,
"indian money worksheets",0,0,
"interactive australian money activities",0,0,
"interactive australian money games for kids",0,0,
"interactive australian money games for kindergarten",0,0,
"interactive australian money games for year 2",0,0,
"interactive australian money games year 1",0,0,
"interactive giging change with australian money",0,0,
"interactive maths games australian money",0,0,
"interactive money activities australia",0,0,
"interactive money activities australia year 3",0,0,
"interactive money game australia",0,0,
"interactive money games australian currency",0,0,
"interactive money games online au kindergarten",0,0,
"interactive online australian money games",0,0,
"interactive online coin games australian money",0,0,
"interactive shopping games australian money",0,0,
"interactive whiteboard australian money",0,0,
"interactive whiteboard maths games australian money",0,0,
"is it illegal to print play money",0,0,
"iwb maths games australian money",0,0,
"játékpénz nyomtatható",0,0,
"kid money printable",0,0,
"kids australian money",0,0,
"kids drawing aus money",0,0,
"kids fake money printable",0,0,
"kids learning australian currency",0,0,
"kids money printable",0,0,
"kids play money printable",0,0,
"kids play money printout",0,0,
"kids play money to print",0,0,
"kids play money to print australian",0,0,
"kids printable money",0,0,
"kids printable play money",0,0,
"kindergarten australian money",0,0,
"kindergarten australian money activities",0,0,
"kindergarten australian money worksheets",0,0,
"kindergarten australian money worksheets printable",0,0,
"kindergarten math worksheets coins australia",0,0,
"kindergarten money activities australian",0,0,
"large play money printable",0,0,
"learn money counting at cash register games australia dollars",0,0,
"learn to count money australia",0,0,
"learning about australian money game",0,0,
"learning australian money",0,0,
"learning australian money games",0,0,
"learning money games australia",0,0,
"learning money printable worksheets",0,0,
"learning to count australian money",0,0,
"legetøjspenge til print",0,0,
"lots of paper kids play money printable",0,0,
"låtsaspengar att skriva ut",0,0,
"magic tricks with australian money",0,0,
"make custom play money",0,0,
"make play money template free",0,0,
"make toy australian money",0,0,
"make up a shopping game with aussie money for kids",0,0,
"make your own currency template",0,0,
"make your own custom play money",0,0,
"make your own play money online",0,0,
"make your own play money print",0,0,
"make your own play money template",0,0,
"making change australian money worksheet",0,0,
"making change australian worksheet",0,0,
"making change worksheets australian",0,0,
"making change worksheets australian free printable",0,0,
"making play money with your picture",0,0,
"math worksheets australia money free",0,0,
"math worksheets australian money free",0,0,
"math worksheets grade 4 money austraila",0,0,
"math worksheets grade 4 money australian coins",0,0,
"math worksheets money australia free",0,0,
"maths australian money worksheets",0,0,
"maths games australian money",0,0,
"maths is fun australian money",0,0,
"maths sheets australian money",0,0,
"maths worksheet money australia",0,0,
"maths worksheet with australian money and change",0,0,
"monedas y billetes para imprimir para niños",0,0,
"money activities for kids australia",0,0,
"money activities for kids printable",0,0,
"money activities for kindergarten australia",0,0,
"money activities for kindy",0,0,
"money activities for prep",0,0,
"money activities for year 1 australia",0,0,
"money activities for year 1 australia free",0,0,
"money activities kindergarten australia",0,0,
"money activities year 1 australia",0,0,
"money activities year 2 australia",0,0,
"money activity for preps",0,0,
"money and change worksheets australia",0,0,
"money aud colour in worksheet",0,0,
"money australia making change worksheet",0,0,
"money australia worksheets",0,0,
"money australian game",0,0,
"money australian interactive games",0,0,
"money australian worksheet",0,0,
"money classroom games australia",0,0,
"money coloring worksheet",0,0,
"money count sheet australian",0,0,
"money count sheet template au",0,0,
"money counting australia year2",0,0,
"money counting game australia",0,0,
"money counting sheets printable",0,0,
"money game grade 5 australia",0,0,
"money games australia year 1",0,0,
"money games australian currency",0,0,
"money games printable in aussie dollars",0,0,
"money games year 1 australia",0,0,
"money games year 3 austarlai",0,0,
"money games year 4 australia",0,0,
"money handling games australia",0,0,
"money lesson grade 2 australia",0,0,
"money lesson grade 2 australia ppt",0,0,
"money manipulatives printable",0,0,
"money matching game australian",0,0,
"money math australia shopping worksheet",0,0,
"money math games australian",0,0,
"money maths activities australia",0,0,
"money maths australia making change worksheet",0,0,
"money online game kids australian dollars",0,0,
"money posters grade 1 and 2 australian",0,0,
"money preschool craft",0,0,
"money printable for colouring",0,0,
"money printable for kids",0,0,
"money printable sheets",0,0,
"money printables for kids",0,0,
"money printables for kids australia",0,0,
"money printout for kids",0,0,
"money problem worksheets australian dollar",0,0,
"money rounding australia kids",0,0,
"money sheets to print",0,0,
"money skills games australia",0,0,
"money task cards au",0,0,
"money task cards free printable",0,0,
"money value chart printable",0,0,
"money value printable",0,0,
"money worksheet for grade 1 australia currency",0,0,
"money worksheet grade 1 2 3 australian",0,0,
"money worksheet kindergarten australia",0,0,
"money worksheets australia pdf",0,0,
"money worksheets australia pingbank",0,0,
"money worksheets australia study ladder",0,0,
"money worksheets australia year 1",0,0,
"money worksheets australia year 5",0,0,
"money worksheets australian primary",0,0,
"money worksheets australiar",0,0,
"money worksheets canada",0,0,
"money worksheets for prep",0,0,
"money worksheets grade 2 australia",0,0,
"money worksheets grade 3 australia",0,0,
"money worksheets grade 4 australia",0,0,
"money worksheets kindergarten australia",0,0,
"my little pony australian money printable",0,0,
"nepgeld speelgoed geld printen",0,0,
"new zealand play money printable",0,0,
"novelty pocket tissue tissues australian money",0,0,
"novelty pocket tissues australian money",0,0,
"nz play money to print",0,0,
"online australian money games for kids",0,0,
"online custom play money",0,0,
"order money worksheet australia notes",0,0,
"ordering australian notes worksheet",0,0,
"ordering money worksheet stage 1 australian",0,0,
"ordering money worksheet stage 2 australian",0,0,
"our generation printable money",0,0,
"ozzie play money printable",0,0,
"paper money for kids printable",0,0,
"paper money printable template",0,0,
"paper money to print out",0,0,
"paper play money printable",0,0,
"papier spielgeld drucken",0,0,
"papírové peníze k vytisknutí",0,0,
"pdf money worksheets australia",0,0,
"philippine play money printable pdf",0,0,
"physical easy maths australian money games",0,0,
"picklebums printable money",0,0,
"pictures of money worksheets",0,0,
"pieniądze do druku do zabawy",0,0,
"pieniądze do zabawy do druku",0,0,
"pieniądze zabawkowe do druku",0,0,
"plantilla dolares para imprimir y jugar",0,0,
"play aus money template",0,0,
"play fake money printable",0,0,
"play money australian notes",0,0,
"play money australian notes and coin",0,0,
"play money australian notes and coins",0,0,
"play money australian notes and coins kids",0,0,
"play money bills printable",0,0,
"play money canada printable",0,0,
"play money canadian printable free",0,0,
"play money customizable template",0,0,
"play money dirhams printable",0,0,
"play money editable template",0,0,
"play money for classroom printable",0,0,
"play money for kids printable",0,0,
"play money for kids printable pdf free download",0,0,
"play money for printing",0,0,
"play money free printable",0,0,
"play money free printable pdf",0,0,
"play money images free printable",0,0,
"play money in australian currancy",0,0,
"play money maths activities",0,0,
"play money notes australian",0,0,
"play money philippine peso printable",0,0,
"play money philippine peso printable pdf",0,0,
"play money pictures to print",0,0,
"play money pounds printable",0,0,
"play money print outs",0,0,
"play money printable 1",0,0,
"play money printable 100",0,0,
"play money printable canadian",0,0,
"play money printable for kids",0,0,
"play money printable free",0,0,
"play money printable sheets",0,0,
"play money printable template",0,0,
"play money printable uk",0,0,
"play money printout",0,0,
"play money template 100 insert picture",0,0,
"play money template black and white",0,0,
"play money template canadian",0,0,
"play money template customizable free",0,0,
"play money template for teachers",0,0,
"play money template free custom",0,0,
"play money template illustrator",0,0,
"play money template insert picture",0,0,
"play money template microsoft word",0,0,
"play money template one dollar",0,0,
"play money template photoshop",0,0,
"play money template uk",0,0,
"play money template word",0,0,
"play money templates",0,0,
"play money to print for kids",0,0,
"play money to print for teachers in australian dollars",0,0,
"play money to print out for free",0,0,
"play money to print pdf",0,0,
"play money tracker paper australian",0,0,
"play money tracker paper australian that can be printed",0,0,
"play money uk notes printables",0,0,
"play money uk printable",0,0,
"play money word template",0,0,
"practical counting toys money fruits au",0,0,
"practice counting money cashier for android australia",0,0,
"practice counting money games australia",0,0,
"practice paying bills worksheets australia",0,0,
"preschool money crafts for preschoolers",0,0,
"pretend aud money",0,0,
"pretend australian currency",0,0,
"pretend australian money 1",0,0,
"pretend australian money 20",0,0,
"pretend coins and money notes for kids to pirint",0,0,
"pretend coins and money notes for kids to print",0,0,
"pretend money for kids printable",0,0,
"pretend money free printable",0,0,
"pretend money print australia",0,0,
"pretend money printable pdf",0,0,
"pretend money printable pdf free download",0,0,
"pretend money template uk",0,0,
"pretend money template word",0,0,
"pretend money to print out",0,0,
"pretend play printable money",0,0,
"pretend play printable money australian",0,0,
"prices primary school edu resource au money questions",0,0,
"primary edu teach australian money for your smartboard",0,0,
"prinatble play money australian",0,0,
"prinatble play moneyu",0,0,
"print australian play money free",0,0,
"print fake austrlian money",0,0,
"print fake money for kids",0,0,
"print fake money kids",0,0,
"print free play money",0,0,
"print japanese play money",0,0,
"print novelty money australian",0,0,
"print play dollar bills",0,0,
"print play money a4 sheet",0,0,
"print play money for kids",0,0,
"print play money with your face",0,0,
"print pretend money australia",0,0,
"printable actual size money",0,0,
"printable australian 100 note play money",0,0,
"printable australian bills",0,0,
"printable australian money for kids",0,0,
"printable australian money games",0,0,
"printable australian money shopping worksheets",0,0,
"printable australian money templates",0,0,
"printable australian play money notes",0,0,
"printable australian play money templates",0,0,
"printable australian toy money",0,0,
"printable barbie money",0,0,
"printable canadian money worksheets",0,0,
"printable canadian play money",0,0,
"printable canadian play money coins",0,0,
"printable canadian play money pdf",0,0,
"printable canadian play money template",0,0,
"printable christmas play money",0,0,
"printable class money",0,0,
"printable classroom money",0,0,
"printable classroom money template",0,0,
"printable coin australian money",0,0,
"printable colouring pics of aus money",0,0,
"printable counting money flashcards",0,0,
"printable counting money games",0,0,
"printable counting money worksheets 2nd grade",0,0,
"printable custom play money",0,0,
"printable doll money",0,0,
"printable dollar bills for kids",0,0,
"printable dollar bills for teaching",0,0,
"printable dollars and coins",0,0,
"printable dollars for kids",0,0,
"printable dollars for teachers",0,0,
"printable dollars for the classroom",0,0,
"printable dollarydoos",0,0,
"printable dollhouse money",0,0,
"printable fake canadian money template",0,0,
"printable fake chinese money for children",0,0,
"printable fake money actual size uk",0,0,
"printable fake money for classroom",0,0,
"printable fake money for kids",0,0,
"printable fake money pdf",0,0,
"printable fake money sheets",0,0,
"printable free printable australian money pictures for print",0,0,
"printable fun money",0,0,
"printable funny money template",0,0,
"printable kid money",0,0,
"printable kids money",0,0,
"printable kids play money",0,0,
"printable kids play money templates",0,0,
"printable mini money for dolls",0,0,
"printable money activities",0,0,
"printable money activities for kids",0,0,
"printable money book for kindergarten",0,0,
"printable money chart for kids",0,0,
"printable money counting chart",0,0,
"printable money flashcards",0,0,
"printable money for classroom uk",0,0,
"printable money for kids",0,0,
"printable money for kids free",0,0,
"printable money for kids pdf",0,0,
"printable money for the kindy children for play",0,0,
"printable money front and back real size",0,0,
"printable money front and back real size pdf",0,0,
"printable money in thousands",0,0,
"printable money kids",0,0,
"printable money manipulatives",0,0,
"printable money pdf free download",0,0,
"printable money play australian 100",0,0,
"printable money play australian 100 new",0,0,
"printable money play austraulian",0,0,
"printable money real size",0,0,
"printable money sheets for kids",0,0,
"printable money skills worksheets",0,0,
"printable money template australia",0,0,
"printable money template for kids",0,0,
"printable money template pdf",0,0,
"printable money template south africa",0,0,
"printable money template uk",0,0,
"printable money templates classroom",0,0,
"printable money worksheets 2nd grade",0,0,
"printable money worksheets for kids",0,0,
"printable money worksheets for kindergarten",0,0,
"printable money worksheets kindergarten",0,0,
"printable new australian money",0,0,
"printable nz play money",0,0,
"printable paper play money",0,0,
"printable philippine play money",0,0,
"printable play debit card",0,0,
"printable play dollars",0,0,
"printable play money $1",0,0,
"printable play money $1 pdf",0,0,
"printable play money 1",0,0,
"printable play money 1 million",0,0,
"printable play money 1 million aus",0,0,
"printable play money 1 pdf",0,0,
"printable play money 100",0,0,
"printable play money 100 pdf",0,0,
"printable play money 1000",0,0,
"printable play money 20",0,0,
"printable play money 20 australia",0,0,
"printable play money 5",0,0,
"printable play money 5 pdf",0,0,
"printable play money 5 sheets",0,0,
"printable play money 50",0,0,
"printable play money 50 dollar bills",0,0,
"printable play money 500",0,0,
"printable play money bills",0,0,
"printable play money black and white pdf",0,0,
"printable play money canada",0,0,
"printable play money canadian",0,0,
"printable play money canadian pdf",0,0,
"printable play money coins",0,0,
"printable play money dollars",0,0,
"printable play money for kids",0,0,
"printable play money for kids pdf",0,0,
"printable play money for preschool",0,0,
"printable play money for toddlers",0,0,
"printable play money free",0,0,
"printable play money free pdf",0,0,
"printable play money front and back",0,0,
"printable play money front and back pdf",0,0,
"printable play money kids",0,0,
"printable play money kids australia",0,0,
"printable play money nz",0,0,
"printable play money pdf uk",0,0,
"printable play money sheets pdf",0,0,
"printable play money template uk",0,0,
"printable play money templates",0,0,
"printable play money templates australian",0,0,
"printable play money templates australian for kids",0,0,
"printable play money templates for kids",0,0,
"printable play money uk notes",0,0,
"printable play money.",0,0,
"printable play play money australian",0,0,
"printable pretend play money",0,0,
"printable school money",0,0,
"printable school play money",0,0,
"printable south african money",0,0,
"printable south african play money pdf",0,0,
"printable teaching australian money",0,0,
"printable toy auistralian dollar bills",0,0,
"printable toy australian 100 dollar bills",0,0,
"printable toy dollar bills",0,0,
"printable toy money",0,0,
"printable worksheets for year 4 money australia",0,0,
"printable ymoneypla",0,0,
"printables of doll money",0,0,
"printables of doll money aus",0,0,
"printables of money for doll",0,0,
"printout cute fake money printable",0,0,
"printout printable money sheets",0,0,
"pug money printables",0,0,
"real size money printables",0,0,
"real size printable money",0,0,
"realistic australian money",0,0,
"realistic australian play money",0,0,
"realistic play money printable",0,0,
"realistic printable money",0,0,
"recognising money worksheet",0,0,
"recognising money worksheets",0,0,
"replica australian money",0,0,
"rightstart math australian money card",0,0,
"school australian money game",0,0,
"school money printable",0,0,
"shopping with money worksheets australia",0,0,
"simple australian money worksheets",0,0,
"singapore play money printable",0,0,
"skriva ut låtsaspengar",0,0,
"small play money printable",0,0,
"soldi da stampare e ritagliare",0,0,
"south african money printables",0,0,
"sparklebox australian money",0,0,
"sparklebox australian money games",0,0,
"sparklebox money activities",0,0,
"sparklebox money worksheets",0,0,
"speelgeld geld afdrukken",0,0,
"speelgeld printen",0,0,
"spielgeld ausdrucken",0,0,
"spielgeld drucken",0,0,
"spielgeld zum ausdrucken originalgrösse",0,0,
"studyladder australian money",0,0,
"teach money australia maths games",0,0,
"teach starter australian money",0,0,
"teach this australian money",0,0,
"teacherspatyeachers australian money game",0,0,
"teaching about australian money",0,0,
"teaching australian money",0,0,
"teaching australian money activities",0,0,
"teaching australian money concepts to special education students",0,0,
"teaching australian money free printables",0,0,
"teaching australian money kindergarten",0,0,
"teaching australian money powerpoint",0,0,
"teaching australian money to kindergarten",0,0,
"teaching australian money to year 2",0,0,
"teaching australian money worksheets",0,0,
"teaching australian money year 4",0,0,
"teaching australian money youtube",0,0,
"teaching children australian money",0,0,
"teaching kids to count money australia",0,0,
"teaching kindergarten australian money",0,0,
"teaching kindergarten money australia",0,0,
"teaching money games australia",0,0,
"teaching money to kindergarten australia",0,0,
"teaching money year 1 australia",0,0,
"teaching place value with money au",0,0,
"teaching resources australian money",0,0,
"template fake money australia",0,0,
"template for play money personalized",0,0,
"template free playmoney",0,0,
"template of australian money",0,0,
"template print stage dummy play money",0,0,
"template printable money front and back real size",0,0,
"template uang mainan",0,0,
"the learning station australian money",0,0,
"topmarks money aud",0,0,
"tpt australian money games",0,0,
"trolls australian money printable",0,0,
"tulostettavat setelit",0,0,
"twinkl australian money",0,0,
"uk british english template print stage dummy play money",0,0,
"uk british englishtemplate print stage dummy play money",0,0,
"us money printable",0,0,
"usa money for kids free printables",0,0,
"value of money interactive activities australian currency",0,0,
"vcal numeracy australian currency worksheets",0,0,
"what is australian money for kids",0,0,
"where can i buy australian play money",0,0,
"where to buy australian play money",0,0,
"where van i buy australian play money",0,0,
"worksheets money year 3 australia",0,0,
"would like to print of some australian play money",0,0,
"year 1 australian money worksheets",0,0,
"year 1 australian money worksheets matching",0,0,
"year 1 maths australian money worksheet",0,0,
"year 1 maths australian money worksheets",0,0,
"year 1 maths calculating australian money worksheets",0,0,
"year 2 australian money worksheets",0,0,
"year 3 4australian money shopping worksheets",0,0,
"year 5 maths money worksheets australia",0,0,
"year 5 money games asutarlia",0,0,
"year 6 australian money activities",0,0,
"year 6 money games asutarlia",0,0,
"yr 4 worksheets australian money",0,0,
"деньги для детей распечатать",0,0,
"игрушечные деньги распечатать",0,0,
"игрушечные деньги распечатать для игры в магазин",0,0,
"іграшкові гроші роздрукувати",0,0,
"おもちゃ 紙幣 テンプレート 無料",0,0,
"a gun that shoots money",0,21,Commercial
"animal company money gun",0,22,Informational
"arminha de dinheiro",0,15,Informational, Transactional
"aspec money gun",0,18,Informational, Commercial
"au money gun",0,11,Informational
"australian money gun",0,7,Commercial
"balenciage money gun",0,22,Informational
"banknote gun",0,19,Commercial
"bearded money guns",0,23,Commercial
"bedazzled money gun",0,20,Informational
"ben baller money gun",0,7,Informational
"boohoo money gun",0,14,Informational
"borderlands 3 money gun",0,18,Informational
"brick of money gungeon",0,17,Informational
"buy money gun",0,18,Transactional
"carter sharer money gun",0,22,Informational
"cash machine money gun",0,19,Commercial
"chavit money gun",0,15,Informational
"chinatown market print gun",0,13,Informational
"currency gun",0,23,Informational
"custom money for money gun",0,12,Informational, Commercial
"customize money gun",0,7,Commercial
"dollar bill gun giphy",0,17,Navigational, Transactional
"dollar bill gun machine",0,29,Commercial
"dollar bill gun make it rain",0,21,Commercial
"dollar machine gun",0,26,Informational
"fake money gun shooter",0,19,Commercial
"fire power money gun",0,21,Commercial
"flickem gun money",0,14,Informational, Transactional
"geld pistool",0,6,Informational, Transactional
"geldpistool",0,6,Informational
"geldschein pistole",0,17,Informational
"geldshooter",0,52,Informational
"gif money gun stand next to this money",0,16,Informational
"gif of money gun",0,19,Informational
"golden money gun",0,17,Informational
"gta money gun",0,23,Informational
"gucci money gun",0,18,Informational
"gun and money tumblr",0,8,Navigational, Transactional
"gun shooting out money",0,18,Informational
"gun that shoots out dollar bills",0,21,Informational, Commercial
"gun that shoots out money",0,22,Informational
"guns that shoot money",0,18,Informational
"how much are money guns",0,22,Informational
"how much does a money gun cost",0,20,Informational
"how much is a money gun",0,21,Informational
"how much is a money gun on tik tok",0,15,Informational
"how much is a money gun on tiktok in rands",0,26,Informational, Navigational
"how much is money gun on tiktok in ksh",0,21,Informational
"how to use money gun",0,22,Informational
"kendrick money gun gif",0,17,Informational
"kids money gun",0,20,Commercial
"make it rain dollar bill gun",0,18,Commercial
"mint gun",0,3,Informational
"mobey gun",0,23,Commercial
"moeny gun",0,20,Commercial
"momey gun",0,23,Commercial
"moneh gun",0,17,Commercial
"money and gun",0,17,Informational, Commercial
"money cannon gun",0,17,Commercial
"money drugs guns designs",0,19,Informational
"money firing gun",0,22,Informational
"money gun amazon",0,18,Informational, Transactional
"money gun aus",0,12,Commercial
"money gun bar",0,23,Navigational, Transactional
"money gun brisbane",0,15,Commercial
"money gun canada",0,21,Commercial
"money gun cannarado",0,1,Commercial
"money gun cheap",0,20,Commercial
"money gun cost",0,22,Informational, Commercial
"money gun description",0,17,Commercial
"money gun dispenser",0,16,Commercial
"money gun for kids",0,16,Commercial
"money gun for party",0,16,Commercial
"money gun for sale",0,22,Transactional
"money gun for wedding",0,22,Informational, Transactional
"money gun gif imgur",0,11,Navigational, Transactional
"money gun gif reddit",0,20,Navigational, Transactional
"money gun gif tiktok",0,19,Informational
"money gun green screen",0,18,Informational, Transactional
"money gun happy hour",0,16,Informational
"money gun in pakistan",0,13,Commercial
"money gun in store",0,17,Commercial
"money gun in tiktok is how much",0,15,Informational
"money gun india",0,22,Informational
"money gun italian flag",0,22,Informational
"money gun jb hi fi",0,16,Navigational
"money gun kickstarter",0,25,Informational
"money gun kids",0,17,Commercial
"money gun machine for sale",0,17,Transactional
"money gun money gun",0,16,Commercial
"money gun near me in store",0,18,Transactional
"money gun no battery",0,16,Commercial
"money gun nz",0,8,Commercial
"money gun on tiktok how much",0,16,Informational
"money gun on tiktok price",0,11,Transactional
"money gun online",0,18,Commercial
"money gun paintball",0,20,Informational, Commercial
"money gun pakistan price",0,13,Commercial
"money gun party city",0,18,Informational, Commercial
"money gun perth",0,8,Commercial
"money gun pictures",0,18,Informational
"money gun price in pakistan",0,4,Transactional
"money gun price in pakistan 2025",0,11,Commercial
"money gun price on tiktok",0,22,Informational
"money gun price tiktok live",0,16,Informational
"money gun prop",0,16,Commercial
"money gun shooter party city",0,21,Commercial
"money gun shooter real money",0,21,Informational, Commercial
"money gun shooting money",0,17,Commercial
"money gun skylander",0,22,Informational
"money gun strain",0,6,Informational
"money gun that shoots out real money",0,20,Commercial
"money gun that shoots real money",0,21,Commercial
"money gun tiktok live cost",0,17,Informational, Transactional
"money gun tiktok live price",0,21,Transactional
"money gun to buy",0,17,Transactional
"money gun under 10",0,22,Commercial
"money gun under 400",0,21,Commercial
"money gun value tiktok",0,16,Informational
"money gun vhs trove",0,22,Informational
"money gun walmart",0,23,Transactional
"money gun wedding",0,23,Informational, Transactional
"money gun with fake money",0,18,Commercial
"money gun with real money",0,17,Commercial
"money gun young bucks",0,22,Informational
"money gun.",0,23,Commercial
"money guna",0,23,Informational, Transactional
"money guns australia",0,15,Commercial
"money guns ebay",0,15,Informational, Transactional
"money guns for sale",0,21,Transactional
"money guns gif",0,19,Informational
"money guns in america",0,41,Informational
"money guns near me",0,18,Transactional
"money guns weed tumblr",0,0,Navigational, Transactional
"money machine gun gif",0,19,Informational
"money machine gun price in pakistan",0,4,Commercial
"money machine gun song",0,40,Informational, Transactional
"money or the gun horse",0,8,Informational
"money or the gun site",0,22,Informational, Transactional
"money pistol",0,23,Informational
"money pistole",0,6,Informational
"money shooter gun near me",0,18,Transactional
"money shooter guns",0,17,Commercial
"money shooting gun ebay",0,15,Navigational, Transactional
"what does the money gun do in da hood",0,0,
"what is money gun",0,0,
"what is the money gun on tiktok",0,0,
"where can i buy a money gun near me",0,0,
"why do people shoot money",0,0,
"how many bubble gems does kotlin need",0,0,
"how to use miniso bubble gun",0,0,
"what do you get from the island race bubblegun sim",0,0,
"are water guns allowed in school",0,0,
"are water guns illegal in school",0,0,
"can a gun fire in water",0,0,
"can a water gun kill you",0,0,
"can a wet gun shoot",0,0,
"can i bring a water gun to school",0,0,
"can water be used as a weapon",0,0,
"can you bring a water gun through tsa",0,0,
"can you fire a gun in water",0,0,
"can you get in trouble for spraying someone with water",0,0,
"can you put a gun in water",0,0,
"did priest use water guns",0,0,
"did priest uses water gun to baptize",0,0,
"did priests use water guns",0,0,
"did priests use water guns to baptize",0,0,
"did water gun",0,0,
"does a wet gun work",0,0,
"does gun work in water",0,0,
"does hand in water prank work",0,0,
"does the hand in hot water prank work",0,0,
"does the hand in warm water prank actually work",0,0,
"does the hand in water prank work",0,0,
"how much damage does water gun do",0,0,
"how rare is watergun",0,0,
"how shouldyou cross through water carryingagun",0,0,
"how to do the container of water on ceiling prank",0,0,
"how to do the magic water prank",0,0,
"how to do the water bottle prank",0,0,
"how to fix a water gun",0,0,
"how to fix water gun",0,0,
"how to get printers to explode in water darkrp",0,0,
"how to make a flamethrower with a water gun",0,0,
"how to make a pump action water gun",0,0,
"how to make a pvc water gun",0,0,
"how to make a syringe water gun",0,0,
"how to make a water bucket prank",0,0,
"how to make a water gun for holi",0,0,
"how to make a water gun wikihow",0,0,
"#graduationleis",0,29,Informational
"$100 money lei",0,19,Informational, Transactional
"$50 dollar money lei",0,22,Informational
"$50 money lei",0,20,Informational, Transactional
"100 dollar notes around neck graduation",0,10,Informational
"30 dollar kids size money lei",0,19,Informational
"50 dollar money lei",0,22,Informational
"amazon graduation lei",0,18,Informational, Transactional
"are money leis cultural appropriation",0,22,Informational
"asu graduation lei",0,18,Informational
"bow tie money lei tutorial",0,22,Informational
"bracelet money lei",0,23,Informational
"bulk lei order",0,3,Informational
"butterfly dollar bill lei",0,26,Informational, Transactional
"butterfly dollar lei",0,23,Informational
"butterfly money lei diy",0,22,Informational
"butterfly money lei ideas",0,22,Informational
"butterfly money lei pinterest",0,22,Informational, Navigational
"butterfly money lei tutorial",0,26,Informational
"butterfly money leis",0,23,Informational
"butterfly money leis for graduation",0,22,Informational
"buy graduation lei",0,7,Transactional
"buy lei near me",0,5,Transactional
"buy lei online",0,18,Transactional
"buy money lei",0,23,Transactional
"california graduation lei",0,12,Informational
"can i wear a lei at graduation",0,9,Informational
"can you wear a lei to graduation",0,9,Informational
"carnation lei graduation",0,23,Commercial
"cash necklace graduation",0,23,Informational
"chip lei for graduation",0,22,Informational
"christmas money lei",0,32,Informational
"class of 2022 lei",0,13,Informational
"costco graduation leis",0,23,Informational
"creative money leis",0,23,Informational
"different types of money leis",0,22,Informational
"different ways to make money leis",0,21,Informational
"diy butterfly money lei",0,22,Informational
"diy graduation money gift ideas",0,22,Informational
"diy graduation money lei",0,22,Informational
"diy graduation money leis",0,22,Informational
"diy leaf lei with money",0,22,Informational
"diy money garland for graduation",0,22,Informational
"diy money lei",0,23,Informational, Transactional
"diy money lei ideas",0,22,Informational
"diy money leis for graduation",0,22,Informational
"do graduates wear leis during ceremony",0,6,Informational
"do you give lei before or after graduation",0,4,Informational
"do you wear lei before or after graduation",0,6,Informational
"dollar bill graduation lei",0,22,Informational
"how do you make a bow tie money lei",0,0,
"how do you make money lei",0,0,
"how many bills do you need for a money lei",0,0,
"how many bills for a money lei",0,0,
"how many bills to make a money lei",0,0,
"how much are graduation leis",0,0,
"how much do money leis cost",0,0,
"how much does a lei cost",0,0,
"how much does a money lei cost",0,0,
"how much is a lei",0,0,
"how much is a money lei",0,0,
"how much to charge for a money lei",0,0,
"how much to charge for money leis",0,0,
"how to do a money lei",0,0,
"how to do money lei",0,0,
"how to fold a money lei",0,0,
"how to fold money for a lei",0,0,
"how to fold money for lei",0,0,
"how to fold money for leis",0,0,
"how to fold money lei",0,0,
"how to get lei certificate",0,0,
"how to make a bow tie money lei",0,0,
"how to make a butterfly lei out of money",0,0,
"how to make a butterfly money lei",0,0,
"how to make a butterfly money leis",0,0,
"how to make a cash lei",0,0,
"how to make a coin lei",0,0,
"how to make a crown money lei",0,0,
"how to make a dollar lei",0,0,
"how to make a flower money lei",0,0,
"how to make a graduation cap out of money",0,0,
"how to make a graduation hat out of money",0,0,
"how to make a graduation lei with candy and money",0,0,
"how to make a graduation lei with ribbon and money",0,0,
"how to make a graduation money lei",0,0,
"how to make a graduation money tree",0,0,
"how to make a lei of money",0,0,
"how to make a lei out of dollar bills",0,0,
"how to make a lei with dollar bills",0,0,
"how to make a money bow tie lei",0,0,
"how to make a money butterfly lei",0,0,
"how to make a money haku lei",0,0,
"how to make a money lei for a guy",0,0,
"how to make a money lei necklace",0,0,
"how to make a money lei with 50 dollars",0,0,
"how to make a money lei with beads",0,0,
"how to make a money lei with dollar bills",0,0,
"how to make a money necklace for a graduate",0,0,
"how to make a money tree for graduation",0,0,
"how to make a money wreath for graduation",0,0,
"how to make a plumeria flower money lei",0,0,
"how to make a.money lei",0,0,
"how to make bow tie money lei",0,0,
"how to make butterfly money leis",0,0,
"how to make butterfly money leis for graduation",0,0,
"how to make dollar bill leis",0,0,
"how to make easy money leis for graduation",0,0,
"how to make flower leis with money",0,0,
"how to make graduation cap out of money",0,0,
"how to make graduation money lei",0,0,
"how to make graduation necklace with money",0,0,
"how to make heart money lei",0,0,
"how to make lei out of money",0,0,
"how to make money crown lei",0,0,
"how to make money flowers for lei",0,0,
"how to make money for leis",0,0,
"how to make money garland for graduation",0,0,
"how to make money haku lei",0,0,
"how to make money lace for graduation",0,0,
"how to make money leaf lei",0,0,
"how to make money lei",0,0,
"how to make money lei flowers",0,0,
"how to make money lei necklace",0,0,
"how to make money lei with beads",0,0,
"how to make money lei with flowers",0,0,
"how to make money necklace graduation",0,0,
"how to make money necklaces for graduation",0,0,
"how to make nz money lei",0,0,
"how to make rose money lei",0,0,
"how to make ti leaf money lei",0,0,
"how to make your own money lei",0,0,
"how to make.money leis",0,0,
"how to put money on lei",0,0,
"how to put money on leis",0,0,
"how to tie money on a lei",0,0,
"how to use graduation money",0,0,
"how to.make a money lei",0,0,
"what does a graduation lei mean",0,0,
"what does a lei at graduation mean",0,0,
"what does a lei mean at graduation",0,0,
"what does a money lei mean",0,0,
"what does a money lei symbolize",0,0,
"what is a graduation lei",0,0,
"what is a graduation money lei",0,0,
"what is a lei graduation",0,0,
"what is a money lei",0,0,
"what is graduation lei",0,0,
"what is lei for graduation",0,0,
"what is lei money",0,0,
"what kind of lei for graduation",0,0,
"what money is lei",0,0,
"when to give a graduation lei",0,0,
"where can i buy money leis",0,0,
"where to buy a money lei",0,0,
"where to buy money leis for graduation",0,0,
"where to buy money leis for graduation near me",0,0,
"who buys lei for valedictory",0,0,
"who buys lei for validictory",0,0,
"how do you make a jolly rancher lei",0,0,
"how do you make candy leis for graduation",0,0,
"how many pieces of candy for a lei",0,0,
"how much do candy leis cost",0,0,
"how to make a candy lei necklace",0,0,
"how to make a candy lei with money",0,0,
"how to make a candy money lei",0,0,
"how to make a cookie lei",0,0,
"how to make a graduation candy lei",0,0,
"how to make a graduation candy leis youtube",0,0,
"how to make a graduation lei out of candy",0,0,
"how to make a jolly rancher lei",0,0,
"how to make a lei out of candy",0,0,
"how to make a lei out of money and candy",0,0,
"how to make a lei po& 39",0,0,
"how to make a lei poo",0,0,
"how to make a liquor bottle lei",0,0,
"how to make a lollipop lei",0,0,
"how to make a money and candy lei necklace",0,0,
"how to make a money lei with candy",0,0,
"how to make a starburst lei",0,0,